model,vocab,auc,accuracy,precision 1,recall 1,f1 score 1,precision 0,recall 0,f1 score 0,precision avg,recall avg,f1 avg,fpr
lr,384642,0.86957707646829,0.7880794701986755,0.7961432506887053,0.6583143507972665,0.7206982543640899,0.8292682926829268,0.8292682926829268,0.8292682926829268,0.812705771685816,0.7437913217400967,0.7749832735235083,0.1707317073170732
nb,384642,0.8559409808995142,0.7653736991485336,0.6771799628942486,0.8314350797266514,0.7464212678936606,0.7816901408450704,0.7816901408450704,0.7816901408450704,0.7294350518696595,0.806562610285861,0.7640557043693654,0.21830985915492962
lsvm,384642,0.0,0.7909176915799432,0.7994505494505495,0.662870159453303,0.7247820672478207,0.8314263920671244,0.8314263920671244,0.8314263920671244,0.8154384707588369,0.7471482757602137,0.7781042296574725,0.16857360793287557
sgd,384642,0.0,0.7975402081362346,0.7805486284289277,0.7129840546697038,0.7452380952380951,0.8320251177394035,0.8320251177394035,0.8320251177394035,0.8062868730841656,0.7725045862045536,0.7886316064887493,0.16797488226059654
svm,384642,0.8595421338582095,0.750236518448439,0.8661087866108786,0.4715261958997722,0.6106194690265487,0.8161559888579387,0.8161559888579387,0.8161559888579387,0.8411323877344087,0.6438410923788555,0.7133877289422437,0.18384401114206128
knn,384642,0.7052638756809754,0.7029328287606433,0.9562043795620438,0.2984054669703872,0.4548611111111111,0.7958387516254878,0.7958387516254878,0.7958387516254878,0.8760215655937658,0.5471221092979375,0.6253499313682994,0.20416124837451222
rf,384642,0.8541477762788332,0.7549668874172185,0.8913043478260869,0.46697038724373574,0.6128550074738416,0.8207612456747404,0.8207612456747404,0.8207612456747404,0.8560327967504137,0.6438658164592381,0.7168081265742909,0.1792387543252596
gb,384642,0.8412451806473966,0.771996215704825,0.8074534161490683,0.592255125284738,0.683311432325887,0.8218773096821878,0.8218773096821878,0.8218773096821878,0.814665362915628,0.7070662174834629,0.7525943710040374,0.17812269031781225
mlp,384642,0.8563888213135177,0.8051087984862819,0.8319088319088319,0.6651480637813212,0.739240506329114,0.8444108761329304,0.8444108761329304,0.8444108761329304,0.8381598540208812,0.7547794699571257,0.7918256912310222,0.15558912386706958
