model,vocab,auc,accuracy,precision 1,recall 1,f1 score 1,precision 0,recall 0,f1 score 0,precision avg,recall avg,f1 avg,fpr
lr,5000,0.8428909480947432,0.7842951750236519,0.7740259740259741,0.6788154897494305,0.7233009708737863,0.8232558139534882,0.8232558139534882,0.8232558139534882,0.7986408939897311,0.7510356518514594,0.7732783924136373,0.17674418604651176
nb,5000,0.8054916661137772,0.7237464522232734,0.6421663442940039,0.7562642369020501,0.694560669456067,0.7478411053540586,0.7478411053540586,0.7478411053540586,0.6950037248240313,0.7520526711280544,0.7212008874050628,0.25215889464594143
lsvm,5000,0.0,0.7663197729422895,0.7296650717703349,0.6947608200455581,0.7117852975495916,0.8035003977724741,0.8035003977724741,0.8035003977724741,0.7665827347714045,0.7491306089090161,0.7576428476610328,0.19649960222752594
sgd,5000,0.0,0.7767265846736046,0.7399527186761229,0.7129840546697038,0.7262180974477958,0.8115015974440895,0.8115015974440895,0.8115015974440895,0.7757271580601062,0.7622428260568966,0.7688598474459426,0.18849840255591055
svm,5000,0.8523822161281525,0.78240302743614,0.8138138138138138,0.6173120728929385,0.7020725388601038,0.8286140089418776,0.8286140089418776,0.8286140089418776,0.8212139113778457,0.7229630409174082,0.7653432739009907,0.17138599105812236
knn,5000,0.744214933911287,0.7086092715231788,0.8579234972677595,0.357630979498861,0.504823151125402,0.7935656836461127,0.7935656836461127,0.7935656836461127,0.825744590456936,0.5755983315724869,0.6491944173857573,0.20643431635388731
rf,5000,0.8603419805235494,0.7852412488174078,0.8081395348837209,0.6332574031890661,0.7100893997445722,0.8294515401953418,0.8294515401953418,0.8294515401953418,0.8187955375395314,0.731354471692204,0.769770469969957,0.17054845980465816
gb,5000,0.8329297240713301,0.7634815515610217,0.8225255972696246,0.5489749430523918,0.6584699453551912,0.8191027496382055,0.8191027496382055,0.8191027496382055,0.820814173453915,0.6840388463452987,0.7387863474966984,0.1808972503617945
mlp,5000,0.8425407848080737,0.7748344370860927,0.7610389610389611,0.6674259681093394,0.7111650485436892,0.8155038759689923,0.8155038759689923,0.8155038759689923,0.7882714185039768,0.7414649220391658,0.7633344622563407,0.18449612403100768
