model,vocab,auc,accuracy,precision 1,recall 1,f1 score 1,precision 0,recall 0,f1 score 0,precision avg,recall avg,f1 avg,fpr
lr,5000,0.8296142306359702,0.7672658467360454,0.7443037974683544,0.6697038724373576,0.7050359712230215,0.8078124999999999,0.8078124999999999,0.8078124999999999,0.7760581487341771,0.7387581862186787,0.7564242356115107,0.19218750000000007
nb,5000,0.8036026273304289,0.7294228949858089,0.6583850931677019,0.724373576309795,0.6898047722342734,0.7600671140939598,0.7600671140939598,0.7600671140939598,0.7092261036308308,0.7422203452018774,0.7249359431641166,0.23993288590604023
lsvm,5000,0.0,0.7473982970671712,0.6981566820276498,0.6902050113895216,0.6941580756013745,0.7848509266720387,0.7848509266720387,0.7848509266720387,0.7415038043498443,0.7375279690307801,0.7395045011367066,0.2151490733279613
sgd,5000,0.0,0.7455061494796594,0.7168367346938775,0.6400911161731208,0.6762936221419976,0.7903351519875291,0.7903351519875291,0.7903351519875291,0.7535859433407033,0.7152131340803249,0.7333143870647634,0.20966484801247087
svm,5000,0.8548407309935054,0.7701040681173131,0.7934131736526946,0.6036446469248291,0.685640362225097,0.8187919463087249,0.8187919463087249,0.8187919463087249,0.8061025599807097,0.711218296616777,0.752216154266911,0.18120805369127513
knn,5000,0.733409632070534,0.6868495742667928,0.7647058823529411,0.3553530751708428,0.48522550544323473,0.7749830047586675,0.7749830047586675,0.7749830047586675,0.7698444435558043,0.5651680399647552,0.6301042551009511,0.22501699524133245
rf,5000,0.8511105705081423,0.78240302743614,0.8138138138138138,0.6173120728929385,0.7020725388601038,0.8286140089418776,0.8286140089418776,0.8286140089418776,0.8212139113778457,0.7229630409174082,0.7653432739009907,0.17138599105812236
gb,5000,0.8479498861047836,0.7644276253547777,0.7896341463414634,0.5899772209567198,0.6753585397653195,0.8151447661469933,0.8151447661469933,0.8151447661469933,0.8023894562442284,0.7025609935518565,0.7452516529561564,0.18485523385300673
mlp,5000,0.8245571355905965,0.7625354777672658,0.7919254658385093,0.5808656036446469,0.6701708278580815,0.8144863266814487,0.8144863266814487,0.8144863266814487,0.8032058962599791,0.6976759651630478,0.7423285772697651,0.1855136733185513
