model,vocab,auc,accuracy,precision 1,recall 1,f1 score 1,precision 0,recall 0,f1 score 0,precision avg,recall avg,f1 avg,fpr
lr,5000,0.8371630139106973,0.7568590350047304,0.7472826086956522,0.6264236902050114,0.6815365551425032,0.8033664881407805,0.8033664881407805,0.8033664881407805,0.7753245484182163,0.714895089172896,0.7424515216416419,0.1966335118592195
nb,5000,0.8185158974132148,0.7256385998107853,0.6352087114337568,0.7972665148063781,0.7070707070707071,0.7419928825622776,0.7419928825622776,0.7419928825622776,0.6886007969980172,0.7696296986843278,0.7245317948164923,0.2580071174377224
lsvm,5000,0.0,0.7682119205298014,0.7287735849056604,0.7038724373576309,0.7161066048667439,0.8041566746602719,0.8041566746602719,0.8041566746602719,0.7664651297829661,0.7540145560089514,0.7601316397635078,0.19584332533972815
sgd,5000,0.0,0.7672658467360454,0.7281323877068558,0.7015945330296127,0.7146171693735499,0.803514376996805,0.803514376996805,0.803514376996805,0.7658233823518303,0.7525544550132088,0.7590657731851774,0.19648562300319505
svm,5000,0.8491293834914597,0.771996215704825,0.776536312849162,0.6332574031890661,0.6976160602258469,0.8170083523158694,0.8170083523158694,0.8170083523158694,0.7967723325825158,0.7251328777524677,0.7573122062708582,0.18299164768413057
knn,5000,0.7901397704403212,0.706717123935667,0.6292585170340681,0.715261958997722,0.6695095948827291,0.7363945578231291,0.7363945578231291,0.7363945578231291,0.6828265374285987,0.7258282584104256,0.7029520763529291,0.2636054421768709
rf,5000,0.8485857089147887,0.7691579943235572,0.8135048231511254,0.5763097949886105,0.6746666666666667,0.8211143695014662,0.8211143695014662,0.8211143695014662,0.8173095963262957,0.6987120822450383,0.7478905180840665,0.1788856304985338
gb,5000,0.8346842264340109,0.760643330179754,0.7672413793103449,0.6082004555808656,0.6785260482846253,0.8093443858327053,0.8093443858327053,0.8093443858327053,0.7882928825715251,0.7087724207067854,0.7439352170586653,0.1906556141672947
mlp,5000,0.8310996601573155,0.7492904446546831,0.7242268041237113,0.6400911161731208,0.6795646916565902,0.7940947940947941,0.7940947940947941,0.7940947940947941,0.7591607991092527,0.7170929551339574,0.7368297428756921,0.2059052059052059
