model,vocab,auc,accuracy,precision 1,recall 1,f1 score 1,precision 0,recall 0,f1 score 0,precision avg,recall avg,f1 avg,fpr
lr,5000,0.8387184760893762,0.7549668874172185,0.7368421052631579,0.6378132118451025,0.6837606837606839,0.8,0.8,0.8,0.7684210526315789,0.7189066059225513,0.7418803418803419,0.19999999999999996
nb,5000,0.8304325069479768,0.7294228949858089,0.649706457925636,0.7562642369020501,0.6989473684210527,0.7542955326460482,0.7542955326460482,0.7542955326460482,0.7020009952858421,0.7552798847740492,0.7266214505335504,0.2457044673539518
lsvm,5000,0.0,0.7644276253547777,0.7240566037735849,0.6993166287015945,0.7114716106604868,0.8009592326139089,0.8009592326139089,0.8009592326139089,0.7625079181937469,0.7501379306577517,0.7562154216371979,0.1990407673860911
sgd,5000,0.0,0.759697256385998,0.7136258660508084,0.7038724373576309,0.7087155963302751,0.7954911433172303,0.7954911433172303,0.7954911433172303,0.7545585046840193,0.7496817903374307,0.7521033698237527,0.20450885668276975
svm,5000,0.8583718512948669,0.7918637653736992,0.7859007832898173,0.6856492027334852,0.732360097323601,0.8297213622291022,0.8297213622291022,0.8297213622291022,0.8078110727594597,0.7576852824812936,0.7810407297763515,0.1702786377708978
knn,5000,0.7830277697915975,0.7105014191106906,0.624765478424015,0.7585421412300684,0.6851851851851851,0.7320490367775833,0.7320490367775833,0.7320490367775833,0.6784072576007991,0.7452955890038258,0.7086171109813841,0.26795096322241674
rf,5000,0.8480881084547847,0.7559129612109745,0.7986798679867987,0.55125284738041,0.6522911051212938,0.8119533527696793,0.8119533527696793,0.8119533527696793,0.805316610378239,0.6816031000750447,0.7321222289454865,0.18804664723032072
gb,5000,0.8446915245740908,0.7663197729422895,0.7926829268292683,0.592255125284738,0.6779661016949152,0.8166295471417966,0.8166295471417966,0.8166295471417966,0.8046562369855325,0.7044423362132672,0.7472978244183559,0.18337045285820341
mlp,5000,0.8521020854988169,0.7701040681173131,0.748730964467005,0.6719817767653758,0.7082833133253301,0.810304449648712,0.810304449648712,0.810304449648712,0.7795177070578585,0.7411431132070438,0.759293881487021,0.18969555035128804
