model,vocab,auc,accuracy,precision 1,recall 1,f1 score 1,precision 0,recall 0,f1 score 0,precision avg,recall avg,f1 avg,fpr
lr,156591,0.9099892844386237,0.8284023668639053,0.7789473684210526,0.6666666666666666,0.7184466019417475,0.8765957446808511,0.8765957446808511,0.8765957446808511,0.8277715565509518,0.7716312056737589,0.7975211733112992,0.12340425531914889
nb,156591,0.887188951065603,0.8313609467455622,0.7288135593220338,0.7747747747747747,0.7510917030567685,0.87248322147651,0.87248322147651,0.87248322147651,0.8006483903992719,0.8236289981256424,0.8117874622666392,0.12751677852348997
lsvm,156591,0.0,0.8165680473372781,0.7474747474747475,0.6666666666666666,0.7047619047619048,0.8669527896995707,0.8669527896995707,0.8669527896995707,0.8072137685871591,0.7668097281831187,0.7858573472307377,0.13304721030042932
sgd,156591,0.0,0.8372781065088757,0.7745098039215687,0.7117117117117117,0.7417840375586854,0.8812095032397408,0.8812095032397408,0.8812095032397408,0.8278596535806547,0.7964606074757262,0.8114967703992131,0.11879049676025921
svm,156591,0.8955034329483669,0.7958579881656804,0.85,0.4594594594594595,0.5964912280701754,0.8633663366336635,0.8633663366336635,0.8633663366336635,0.8566831683168317,0.6614128980465614,0.7299287823519194,0.13663366336633653
knn,156591,0.6271778386315832,0.7100591715976331,0.9333333333333333,0.12612612612612611,0.22222222222222218,0.8218181818181818,0.8218181818181818,0.8218181818181818,0.8775757575757576,0.473972153972154,0.5220202020202019,0.17818181818181822
rf,156591,0.8814144541016787,0.7810650887573964,0.8135593220338984,0.43243243243243246,0.5647058823529412,0.8537549407114624,0.8537549407114624,0.8537549407114624,0.8336571313726804,0.6430936865719474,0.7092304115322018,0.1462450592885376
gb,156591,0.9099297535420883,0.8165680473372781,0.7752808988764045,0.6216216216216216,0.69,0.8697478991596639,0.8697478991596639,0.8697478991596639,0.8225143990180341,0.7456847603906427,0.7798739495798319,0.13025210084033612
mlp,156591,0.8970909235226416,0.8550295857988166,0.8297872340425532,0.7027027027027027,0.7609756097560975,0.8959660297239915,0.8959660297239915,0.8959660297239915,0.8628766318832723,0.7993343662133472,0.8284708197400446,0.10403397027600847
