model,vocab,auc,accuracy,precision 1,recall 1,f1 score 1,precision 0,recall 0,f1 score 0,precision avg,recall avg,f1 avg,fpr
lr,200030,0.8958209310632219,0.8106508875739645,0.7526881720430108,0.6306306306306306,0.6862745098039216,0.8644067796610169,0.8644067796610169,0.8644067796610169,0.8085474758520138,0.7475187051458237,0.7753406447324692,0.13559322033898313
nb,200030,0.9199507877921975,0.8372781065088757,0.7545454545454545,0.7477477477477478,0.751131221719457,0.8791208791208791,0.8791208791208791,0.8791208791208791,0.8168331668331668,0.8134343134343134,0.8151260504201681,0.1208791208791209
lsvm,200030,0.0,0.8550295857988166,0.7767857142857143,0.7837837837837838,0.780269058295964,0.891832229580574,0.891832229580574,0.891832229580574,0.8343089719331441,0.8378080066821789,0.836050643938269,0.10816777041942605
sgd,200030,0.0,0.849112426035503,0.7631578947368421,0.7837837837837838,0.7733333333333334,0.8869179600886917,0.8869179600886917,0.8869179600886917,0.8250379274127669,0.8353508719362377,0.8301256467110125,0.11308203991130827
svm,200030,0.9072707068301782,0.8254437869822485,0.8170731707317073,0.6036036036036037,0.6943005181347152,0.8778467908902691,0.8778467908902691,0.8778467908902691,0.8474599808109882,0.7407251972469364,0.7860736545124921,0.12215320910973093
knn,200030,0.8528396237647339,0.7899408284023669,0.6470588235294118,0.7927927927927928,0.7125506072874495,0.8344988344988346,0.8344988344988346,0.8344988344988346,0.7407788290141232,0.8136458136458137,0.773524720893142,0.16550116550116545
rf,200030,0.8961185855458984,0.8047337278106509,0.8260869565217391,0.5135135135135135,0.6333333333333333,0.8669354838709679,0.8669354838709679,0.8669354838709679,0.8465112201963535,0.6902244986922407,0.7501344086021506,0.13306451612903214
gb,200030,0.911239433265865,0.8313609467455622,0.7596153846153846,0.7117117117117117,0.7348837209302327,0.876355748373102,0.876355748373102,0.876355748373102,0.8179855664942433,0.7940337300424068,0.8056197346516674,0.12364425162689796
mlp,200030,0.9274913680200024,0.8520710059171598,0.8279569892473119,0.6936936936936937,0.7549019607843137,0.8940677966101696,0.8940677966101696,0.8940677966101696,0.8610123929287408,0.7938807451519316,0.8244848786972416,0.10593220338983045
