model,vocab,auc,accuracy,precision 1,recall 1,f1 score 1,precision 0,recall 0,f1 score 0,precision avg,recall avg,f1 avg,fpr
lr,75682,0.908108108108108,0.8328445747800587,0.8068181818181818,0.6396396396396397,0.7135678391959798,0.8819875776397516,0.8819875776397516,0.8819875776397516,0.8444028797289667,0.7608136086396956,0.7977777084178657,0.11801242236024845
nb,75682,0.9110066588327458,0.8299120234604106,0.7476635514018691,0.7207207207207207,0.7339449541284405,0.875,0.875,0.875,0.8113317757009346,0.7978603603603603,0.8044724770642202,0.125
lsvm,75682,0.0,0.8357771260997068,0.7272727272727273,0.7927927927927928,0.7586206896551724,0.8755555555555555,0.8755555555555555,0.8755555555555555,0.8014141414141414,0.8341741741741742,0.8170881226053639,0.12444444444444447
sgd,75682,0.0,0.841642228739003,0.728,0.8198198198198198,0.7711864406779662,0.8789237668161435,0.8789237668161435,0.8789237668161435,0.8034618834080718,0.8493717933179816,0.8250551037470548,0.12107623318385652
svm,75682,0.9162162162162162,0.8533724340175953,0.8505747126436781,0.6666666666666666,0.7474747474747474,0.8966942148760332,0.8966942148760332,0.8966942148760332,0.8736344637598557,0.7816804407713499,0.8220844811753902,0.10330578512396682
knn,75682,0.8256169212690951,0.7448680351906158,0.577922077922078,0.8018018018018018,0.6716981132075471,0.7913669064748201,0.7913669064748201,0.7913669064748201,0.684644492198449,0.796584354138311,0.7315325098411836,0.2086330935251799
rf,75682,0.9002937720329024,0.8123167155425219,0.8309859154929577,0.5315315315315315,0.6483516483516483,0.8720000000000001,0.8720000000000001,0.8720000000000001,0.8514929577464789,0.7017657657657659,0.7601758241758242,0.1279999999999999
gb,75682,0.9114179396788092,0.8475073313782991,0.7864077669902912,0.7297297297297297,0.7570093457943925,0.8888888888888888,0.8888888888888888,0.8888888888888888,0.8376483279395901,0.8093093093093093,0.8229491173416407,0.11111111111111116
mlp,75682,0.9197023110066588,0.8357771260997068,0.7433628318584071,0.7567567567567568,0.7500000000000001,0.8777292576419214,0.8777292576419214,0.8777292576419214,0.8105460447501642,0.8172430071993391,0.8138646288209608,0.12227074235807855
