model,accuracy,precision,recall,f1 score,auc score,vocab
logistic regression,0.9667093842838003,0.4473324213406293,0.6612740141557129,0.5336597307221542,0.9005899957259652,69571
bernoulli naive-bayes,0.9520009320207374,0.29871716554673183,0.49443882709807885,0.37242955064737243,0.9126504307920944,69571
multinomial naive-bayes,0.8910992019572436,0.14155370177267987,0.5490394337714863,0.22507772020725386,0.7022301395724844,69571
linear svm,0.9691559387196366,0.4722662440570523,0.60262891809909,0.5295424255886272,0.0,69571
knn,0.97975767460826,0.6681922196796338,0.5904954499494439,0.6269457863660762,0.7930171457179067,69571
random forest,0.9845925321838411,0.8846153846153846,0.5348837209302325,0.6666666666666665,0.9475039954418379,69571
gradient boosting,0.8664297780625619,0.1532677848467322,0.8038422649140546,0.2574481865284974,0.9191576224357876,69571
mlp,0.9766121046193278,0.5997854077253219,0.5652173913043478,0.5819885476314419,0.850742831515542,69571
