model,accuracy,precision,recall,f1 score,auc score,scenario
logistic regression,0.7,0.7142857142857143,0.8333333333333334,0.7692307692307692,0.7708333333333333,1
svm,0.75,0.7692307692307693,0.8333333333333334,0.8,0.0,1
naive-bayes,0.75,0.7058823529411765,1.0,0.8275862068965517,0.8854166666666667,1
logistic regression,0.4503311258278146,0.4234913793103448,0.8952164009111617,0.5749817117776151,0.5490412897803923,2
svm,0.46263008514664145,0.4296619411123228,0.89749430523918,0.5811209439528024,0.0,2
naive-bayes,0.4153263954588458,0.4125122189638319,0.9612756264236902,0.5772913816689468,0.579905419053306,2
logistic regression,0.7767265846736046,0.7280898876404495,0.7380410022779044,0.7330316742081449,0.8567684720348542,3
svm,0.7805108798486282,0.7357630979498861,0.7357630979498861,0.7357630979498863,0.0,3
naive-bayes,0.6925260170293283,0.8475609756097561,0.31662870159453305,0.461028192371476,0.7659895614481278,3
