model,vocab,auc score,accuracy,precision 1,recall 1,f1 score 1,precision 0,recall 0,f1 score 0,precision avg,recall avg,f1 avg
logistic regression,2411,0.5625,0.5,0.6666666666666666,0.3333333333333333,0.4444444444444444,0.5454545454545454,0.5454545454545454,0.5454545454545454,0.606060606060606,0.43939393939393934,0.4949494949494949
bernoulli naive-bayes,2411,0.7395833333333333,0.5,1.0,0.16666666666666666,0.2857142857142857,0.6153846153846153,0.6153846153846153,0.6153846153846153,0.8076923076923077,0.39102564102564097,0.4505494505494505
multinomial naive-bayes,2411,0.8333333333333333,0.6,0.75,0.5,0.6,0.6,0.6,0.6,0.675,0.55,0.6
linear svm,2411,0.0,0.5,0.6666666666666666,0.3333333333333333,0.4444444444444444,0.5454545454545454,0.5454545454545454,0.5454545454545454,0.606060606060606,0.43939393939393934,0.4949494949494949
knn,2411,0.5,0.4,0.0,0.0,0.0,0.5714285714285715,0.5714285714285715,0.5714285714285715,0.28571428571428575,0.28571428571428575,0.28571428571428575
sgd,2411,0.0,0.65,0.8571428571428571,0.5,0.631578947368421,0.6666666666666667,0.6666666666666667,0.6666666666666667,0.7619047619047619,0.5833333333333334,0.6491228070175439
random forest,2411,0.40625,0.4,0.5,0.16666666666666666,0.25,0.5,0.5,0.5,0.5,0.3333333333333333,0.375
gradient boosting,2411,0.4375,0.55,0.6666666666666666,0.5,0.5714285714285715,0.5263157894736842,0.5263157894736842,0.5263157894736842,0.5964912280701754,0.513157894736842,0.5488721804511278
mlp,2411,0.6979166666666666,0.75,0.7058823529411765,1.0,0.8275862068965517,0.5454545454545454,0.5454545454545454,0.5454545454545454,0.625668449197861,0.7727272727272727,0.6865203761755485
