model,vocab,auc score,accuracy,precision 1,recall 1,f1 score 1,precision 0,recall 0,f1 score 0,precision avg,recall avg,f1 avg
logistic regression,2411,0.8229166666666667,0.7,0.7142857142857143,0.8333333333333334,0.7692307692307692,0.5714285714285715,0.5714285714285715,0.5714285714285715,0.6428571428571429,0.7023809523809524,0.6703296703296704
bernoulli naive-bayes,2411,0.8958333333333333,0.7,0.6666666666666666,1.0,0.8,0.4,0.4,0.4,0.5333333333333333,0.7,0.6000000000000001
multinomial naive-bayes,2411,0.8541666666666667,0.75,0.7692307692307693,0.8333333333333334,0.8,0.6666666666666666,0.6666666666666666,0.6666666666666666,0.717948717948718,0.75,0.7333333333333334
linear svm,2411,0.0,0.85,0.8461538461538461,0.9166666666666666,0.8799999999999999,0.7999999999999999,0.7999999999999999,0.7999999999999999,0.823076923076923,0.8583333333333333,0.8399999999999999
knn,2411,0.4791666666666667,0.6,0.6,1.0,0.7499999999999999,0.0,0.0,0.0,0.3,0.5,0.37499999999999994
sgd,2411,0.0,0.75,0.7692307692307693,0.8333333333333334,0.8,0.6666666666666666,0.6666666666666666,0.6666666666666666,0.717948717948718,0.75,0.7333333333333334
random forest,2411,0.828125,0.8,0.75,1.0,0.8571428571428571,0.6666666666666666,0.6666666666666666,0.6666666666666666,0.7083333333333333,0.8333333333333333,0.7619047619047619
gradient boosting,2411,0.8229166666666667,0.7,0.6666666666666666,1.0,0.8,0.4,0.4,0.4,0.5333333333333333,0.7,0.6000000000000001
mlp,2411,0.7395833333333333,0.6,0.6,1.0,0.7499999999999999,0.0,0.0,0.0,0.3,0.5,0.37499999999999994
