model,vocab,auc score,accuracy,precision 1,recall 1,f1 score 1,precision 0,recall 0,f1 score 0,precision avg,recall avg,f1 avg
logistic regression,14228,0.8020833333333334,0.8,0.75,1.0,0.8571428571428571,0.6666666666666666,0.6666666666666666,0.6666666666666666,0.7083333333333333,0.8333333333333333,0.7619047619047619
bernoulli naive-bayes,14228,0.8020833333333333,0.75,0.7333333333333333,0.9166666666666666,0.8148148148148148,0.6153846153846154,0.6153846153846154,0.6153846153846154,0.6743589743589744,0.766025641025641,0.7150997150997151
multinomial naive-bayes,14228,0.7916666666666667,0.6,0.6666666666666666,0.6666666666666666,0.6666666666666666,0.5,0.5,0.5,0.5833333333333333,0.5833333333333333,0.5833333333333333
linear svm,14228,0.0,0.75,0.7333333333333333,0.9166666666666666,0.8148148148148148,0.6153846153846154,0.6153846153846154,0.6153846153846154,0.6743589743589744,0.766025641025641,0.7150997150997151
knn,14228,0.5,0.6,0.6,1.0,0.7499999999999999,0.0,0.0,0.0,0.3,0.5,0.37499999999999994
sgd,14228,0.0,0.7,0.75,0.75,0.75,0.625,0.625,0.625,0.6875,0.6875,0.6875
random forest,14228,0.7395833333333333,0.7,0.6875,0.9166666666666666,0.7857142857142857,0.5,0.5,0.5,0.59375,0.7083333333333333,0.6428571428571428
gradient boosting,14228,0.7916666666666667,0.7,0.6666666666666666,1.0,0.8,0.4,0.4,0.4,0.5333333333333333,0.7,0.6000000000000001
mlp,14228,0.75,0.7,0.7142857142857143,0.8333333333333334,0.7692307692307692,0.5714285714285715,0.5714285714285715,0.5714285714285715,0.6428571428571429,0.7023809523809524,0.6703296703296704
