model,vocab,auc score,accuracy,precision 1,recall 1,f1 score 1,precision 0,recall 0,f1 score 0,precision avg,recall avg,f1 avg
logistic regression,2411,0.8229166666666667,0.8,0.8333333333333334,0.8333333333333334,0.8333333333333334,0.75,0.75,0.75,0.7916666666666667,0.7916666666666667,0.7916666666666667
bernoulli naive-bayes,2411,0.84375,0.7,0.75,0.75,0.75,0.625,0.625,0.625,0.6875,0.6875,0.6875
multinomial naive-bayes,2411,0.8333333333333333,0.7,0.8,0.6666666666666666,0.7272727272727272,0.6666666666666665,0.6666666666666665,0.6666666666666665,0.7333333333333333,0.6666666666666665,0.6969696969696968
linear svm,2411,0.0,0.85,0.8461538461538461,0.9166666666666666,0.8799999999999999,0.7999999999999999,0.7999999999999999,0.7999999999999999,0.823076923076923,0.8583333333333333,0.8399999999999999
knn,2411,0.5,0.6,0.6,1.0,0.7499999999999999,0.0,0.0,0.0,0.3,0.5,0.37499999999999994
sgd,2411,0.0,0.7,0.8,0.6666666666666666,0.7272727272727272,0.6666666666666665,0.6666666666666665,0.6666666666666665,0.7333333333333333,0.6666666666666665,0.6969696969696968
random forest,2411,0.8020833333333333,0.8,0.75,1.0,0.8571428571428571,0.6666666666666666,0.6666666666666666,0.6666666666666666,0.7083333333333333,0.8333333333333333,0.7619047619047619
gradient boosting,2411,0.7708333333333333,0.75,0.7058823529411765,1.0,0.8275862068965517,0.5454545454545454,0.5454545454545454,0.5454545454545454,0.625668449197861,0.7727272727272727,0.6865203761755485
mlp,2411,0.9375,0.8,0.9,0.75,0.8181818181818182,0.7777777777777777,0.7777777777777777,0.7777777777777777,0.8388888888888888,0.7638888888888888,0.797979797979798
