model,vocab,auc score,accuracy,precision 1,recall 1,f1 score 1,precision 0,recall 0,f1 score 0,precision avg,recall avg,f1 avg
logistic regression,14228,0.8020833333333334,0.8,0.75,1.0,0.8571428571428571,0.6666666666666666,0.6666666666666666,0.6666666666666666,0.7083333333333333,0.8333333333333333,0.7619047619047619
bernoulli naive-bayes,14228,0.8020833333333333,0.75,0.7333333333333333,0.9166666666666666,0.8148148148148148,0.6153846153846154,0.6153846153846154,0.6153846153846154,0.6743589743589744,0.766025641025641,0.7150997150997151
multinomial naive-bayes,14228,0.7916666666666667,0.6,0.6666666666666666,0.6666666666666666,0.6666666666666666,0.5,0.5,0.5,0.5833333333333333,0.5833333333333333,0.5833333333333333
linear svm,14228,0.0,0.75,0.7333333333333333,0.9166666666666666,0.8148148148148148,0.6153846153846154,0.6153846153846154,0.6153846153846154,0.6743589743589744,0.766025641025641,0.7150997150997151
knn,14228,0.5,0.6,0.6,1.0,0.7499999999999999,0.0,0.0,0.0,0.3,0.5,0.37499999999999994
sgd,14228,0.0,0.65,0.7272727272727273,0.6666666666666666,0.6956521739130435,0.5882352941176471,0.5882352941176471,0.5882352941176471,0.6577540106951871,0.6274509803921569,0.6419437340153453
random forest,14228,0.8072916666666666,0.7,0.6666666666666666,1.0,0.8,0.4,0.4,0.4,0.5333333333333333,0.7,0.6000000000000001
gradient boosting,14228,0.7916666666666667,0.7,0.6666666666666666,1.0,0.8,0.4,0.4,0.4,0.5333333333333333,0.7,0.6000000000000001
mlp,14228,0.7708333333333334,0.65,0.631578947368421,1.0,0.7741935483870968,0.2222222222222222,0.2222222222222222,0.2222222222222222,0.4269005847953216,0.6111111111111112,0.4982078853046595
