model,vocab,auc score,accuracy,precision 1,recall 1,f1 score 1,precision 0,recall 0,f1 score 0,precision avg,recall avg,f1 avg
logistic regression,2411,0.7708333333333334,0.7,0.6666666666666666,1.0,0.8,0.4,0.4,0.4,0.5333333333333333,0.7,0.6000000000000001
bernoulli naive-bayes,2411,0.8958333333333333,0.7,0.6666666666666666,1.0,0.8,0.4,0.4,0.4,0.5333333333333333,0.7,0.6000000000000001
multinomial naive-bayes,2411,0.7916666666666666,0.65,0.631578947368421,1.0,0.7741935483870968,0.2222222222222222,0.2222222222222222,0.2222222222222222,0.4269005847953216,0.6111111111111112,0.4982078853046595
linear svm,2411,0.0,0.75,0.7692307692307693,0.8333333333333334,0.8,0.6666666666666666,0.6666666666666666,0.6666666666666666,0.717948717948718,0.75,0.7333333333333334
knn,2411,0.7447916666666666,0.75,0.7692307692307693,0.8333333333333334,0.8,0.6666666666666666,0.6666666666666666,0.6666666666666666,0.717948717948718,0.75,0.7333333333333334
sgd,2411,0.0,0.85,0.8461538461538461,0.9166666666666666,0.8799999999999999,0.7999999999999999,0.7999999999999999,0.7999999999999999,0.823076923076923,0.8583333333333333,0.8399999999999999
random forest,2411,0.7135416666666667,0.65,0.6470588235294118,0.9166666666666666,0.7586206896551724,0.36363636363636365,0.36363636363636365,0.36363636363636365,0.5053475935828877,0.6401515151515151,0.561128526645768
gradient boosting,2411,0.7291666666666666,0.75,0.7058823529411765,1.0,0.8275862068965517,0.5454545454545454,0.5454545454545454,0.5454545454545454,0.625668449197861,0.7727272727272727,0.6865203761755485
mlp,2411,0.7604166666666667,0.6,0.75,0.5,0.6,0.6,0.6,0.6,0.675,0.55,0.6
