model,vocab,auc score,accuracy,precision 1,recall 1,f1 score 1,precision 0,recall 0,f1 score 0,precision avg,recall avg,f1 avg
logistic regression,7938,0.71875,0.75,0.7333333333333333,0.9166666666666666,0.8148148148148148,0.6153846153846154,0.6153846153846154,0.6153846153846154,0.6743589743589744,0.766025641025641,0.7150997150997151
bernoulli naive-bayes,7938,0.8020833333333333,0.75,0.7333333333333333,0.9166666666666666,0.8148148148148148,0.6153846153846154,0.6153846153846154,0.6153846153846154,0.6743589743589744,0.766025641025641,0.7150997150997151
multinomial naive-bayes,7938,0.75,0.6,0.7,0.5833333333333334,0.6363636363636365,0.5555555555555556,0.5555555555555556,0.5555555555555556,0.6277777777777778,0.5694444444444444,0.595959595959596
linear svm,7938,0.0,0.75,0.7692307692307693,0.8333333333333334,0.8,0.6666666666666666,0.6666666666666666,0.6666666666666666,0.717948717948718,0.75,0.7333333333333334
knn,7938,0.578125,0.45,0.5555555555555556,0.4166666666666667,0.4761904761904762,0.4210526315789474,0.4210526315789474,0.4210526315789474,0.48830409356725146,0.41885964912280704,0.4486215538847118
sgd,7938,0.0,0.75,0.7333333333333333,0.9166666666666666,0.8148148148148148,0.6153846153846154,0.6153846153846154,0.6153846153846154,0.6743589743589744,0.766025641025641,0.7150997150997151
random forest,7938,0.6041666666666666,0.65,0.6470588235294118,0.9166666666666666,0.7586206896551724,0.36363636363636365,0.36363636363636365,0.36363636363636365,0.5053475935828877,0.6401515151515151,0.561128526645768
gradient boosting,7938,0.7083333333333333,0.75,0.7333333333333333,0.9166666666666666,0.8148148148148148,0.6153846153846154,0.6153846153846154,0.6153846153846154,0.6743589743589744,0.766025641025641,0.7150997150997151
mlp,7938,0.7604166666666667,0.65,0.8571428571428571,0.5,0.631578947368421,0.6666666666666667,0.6666666666666667,0.6666666666666667,0.7619047619047619,0.5833333333333334,0.6491228070175439
