model,vocab,auc score,accuracy,precision 1,recall 1,f1 score 1,precision 0,recall 0,f1 score 0,precision avg,recall avg,f1 avg
logistic regression,2411,0.7708333333333333,0.7,0.7142857142857143,0.8333333333333334,0.7692307692307692,0.5714285714285715,0.5714285714285715,0.5714285714285715,0.6428571428571429,0.7023809523809524,0.6703296703296704
bernoulli naive-bayes,2411,0.8854166666666667,0.75,0.7058823529411765,1.0,0.8275862068965517,0.5454545454545454,0.5454545454545454,0.5454545454545454,0.625668449197861,0.7727272727272727,0.6865203761755485
multinomial naive-bayes,2411,0.7708333333333334,0.65,0.7777777777777778,0.5833333333333334,0.6666666666666666,0.631578947368421,0.631578947368421,0.631578947368421,0.7046783625730995,0.6074561403508771,0.6491228070175439
linear svm,2411,0.0,0.75,0.7692307692307693,0.8333333333333334,0.8,0.6666666666666666,0.6666666666666666,0.6666666666666666,0.717948717948718,0.75,0.7333333333333334
knn,2411,0.625,0.45,1.0,0.08333333333333333,0.15384615384615385,0.5925925925925926,0.5925925925925926,0.5925925925925926,0.7962962962962963,0.33796296296296297,0.3732193732193732
sgd,2411,0.0,0.8,0.7857142857142857,0.9166666666666666,0.8461538461538461,0.7142857142857143,0.7142857142857143,0.7142857142857143,0.75,0.8154761904761905,0.7802197802197802
random forest,2411,0.7395833333333333,0.7,0.6875,0.9166666666666666,0.7857142857142857,0.5,0.5,0.5,0.59375,0.7083333333333333,0.6428571428571428
gradient boosting,2411,0.6770833333333333,0.7,0.6875,0.9166666666666666,0.7857142857142857,0.5,0.5,0.5,0.59375,0.7083333333333333,0.6428571428571428
mlp,2411,0.7708333333333333,0.65,0.7777777777777778,0.5833333333333334,0.6666666666666666,0.631578947368421,0.631578947368421,0.631578947368421,0.7046783625730995,0.6074561403508771,0.6491228070175439
