model,vocab,auc score,accuracy,precision 1,recall 1,f1 score 1,precision 0,recall 0,f1 score 0,precision avg,recall avg,f1 avg
logistic regression,2411,0.7708333333333334,0.7,0.75,0.75,0.75,0.625,0.625,0.625,0.6875,0.6875,0.6875
bernoulli naive-bayes,2411,0.84375,0.7,0.75,0.75,0.75,0.625,0.625,0.625,0.6875,0.6875,0.6875
multinomial naive-bayes,2411,0.7916666666666667,0.65,0.7777777777777778,0.5833333333333334,0.6666666666666666,0.631578947368421,0.631578947368421,0.631578947368421,0.7046783625730995,0.6074561403508771,0.6491228070175439
linear svm,2411,0.0,0.75,0.7692307692307693,0.8333333333333334,0.8,0.6666666666666666,0.6666666666666666,0.6666666666666666,0.717948717948718,0.75,0.7333333333333334
knn,2411,0.59375,0.6,0.7,0.5833333333333334,0.6363636363636365,0.5555555555555556,0.5555555555555556,0.5555555555555556,0.6277777777777778,0.5694444444444444,0.595959595959596
sgd,2411,0.0,0.75,0.7692307692307693,0.8333333333333334,0.8,0.6666666666666666,0.6666666666666666,0.6666666666666666,0.717948717948718,0.75,0.7333333333333334
random forest,2411,0.5833333333333333,0.55,0.6,0.75,0.6666666666666665,0.3076923076923077,0.3076923076923077,0.3076923076923077,0.45384615384615384,0.5288461538461539,0.4871794871794871
gradient boosting,2411,0.5520833333333334,0.7,0.6875,0.9166666666666666,0.7857142857142857,0.5,0.5,0.5,0.59375,0.7083333333333333,0.6428571428571428
mlp,2411,0.8020833333333333,0.75,0.7692307692307693,0.8333333333333334,0.8,0.6666666666666666,0.6666666666666666,0.6666666666666666,0.717948717948718,0.75,0.7333333333333334
