model,vocab,auc score,accuracy,precision 1,recall 1,f1 score 1,precision 0,recall 0,f1 score 0,precision avg,recall avg,f1 avg
logistic regression,5527,0.65625,0.65,0.6470588235294118,0.9166666666666666,0.7586206896551724,0.36363636363636365,0.36363636363636365,0.36363636363636365,0.5053475935828877,0.6401515151515151,0.561128526645768
bernoulli naive-bayes,5527,0.6875,0.7,0.6875,0.9166666666666666,0.7857142857142857,0.5,0.5,0.5,0.59375,0.7083333333333333,0.6428571428571428
multinomial naive-bayes,5527,0.6458333333333333,0.6,0.6666666666666666,0.6666666666666666,0.6666666666666666,0.5,0.5,0.5,0.5833333333333333,0.5833333333333333,0.5833333333333333
linear svm,5527,0.0,0.75,0.7333333333333333,0.9166666666666666,0.8148148148148148,0.6153846153846154,0.6153846153846154,0.6153846153846154,0.6743589743589744,0.766025641025641,0.7150997150997151
knn,5527,0.6770833333333334,0.5,0.6,0.5,0.5454545454545454,0.4444444444444445,0.4444444444444445,0.4444444444444445,0.5222222222222223,0.4722222222222222,0.4949494949494949
sgd,5527,0.0,0.75,0.7333333333333333,0.9166666666666666,0.8148148148148148,0.6153846153846154,0.6153846153846154,0.6153846153846154,0.6743589743589744,0.766025641025641,0.7150997150997151
random forest,5527,0.71875,0.55,0.5789473684210527,0.9166666666666666,0.7096774193548387,0.0,0.0,0.0,0.2894736842105263,0.4583333333333333,0.3548387096774194
gradient boosting,5527,0.546875,0.75,0.7333333333333333,0.9166666666666666,0.8148148148148148,0.6153846153846154,0.6153846153846154,0.6153846153846154,0.6743589743589744,0.766025641025641,0.7150997150997151
mlp,5527,0.6770833333333333,0.5,1.0,0.16666666666666666,0.2857142857142857,0.6153846153846153,0.6153846153846153,0.6153846153846153,0.8076923076923077,0.39102564102564097,0.4505494505494505
