model,vocab,auc score,accuracy,precision 1,recall 1,f1 score 1,precision 0,recall 0,f1 score 0,precision avg,recall avg,f1 avg
logistic regression,2411,0.7708333333333334,0.7,0.6666666666666666,1.0,0.8,0.4,0.4,0.4,0.5333333333333333,0.7,0.6000000000000001
bernoulli naive-bayes,2411,0.8958333333333333,0.7,0.6666666666666666,1.0,0.8,0.4,0.4,0.4,0.5333333333333333,0.7,0.6000000000000001
multinomial naive-bayes,2411,0.7916666666666666,0.65,0.631578947368421,1.0,0.7741935483870968,0.2222222222222222,0.2222222222222222,0.2222222222222222,0.4269005847953216,0.6111111111111112,0.4982078853046595
linear svm,2411,0.0,0.75,0.7692307692307693,0.8333333333333334,0.8,0.6666666666666666,0.6666666666666666,0.6666666666666666,0.717948717948718,0.75,0.7333333333333334
knn,2411,0.7447916666666666,0.75,0.7692307692307693,0.8333333333333334,0.8,0.6666666666666666,0.6666666666666666,0.6666666666666666,0.717948717948718,0.75,0.7333333333333334
sgd,2411,0.0,0.7,0.7142857142857143,0.8333333333333334,0.7692307692307692,0.5714285714285715,0.5714285714285715,0.5714285714285715,0.6428571428571429,0.7023809523809524,0.6703296703296704
random forest,2411,0.71875,0.65,0.631578947368421,1.0,0.7741935483870968,0.2222222222222222,0.2222222222222222,0.2222222222222222,0.4269005847953216,0.6111111111111112,0.4982078853046595
gradient boosting,2411,0.7291666666666666,0.7,0.6666666666666666,1.0,0.8,0.4,0.4,0.4,0.5333333333333333,0.7,0.6000000000000001
mlp,2411,0.6041666666666666,0.6,0.6,1.0,0.7499999999999999,0.0,0.0,0.0,0.3,0.5,0.37499999999999994
