model,vocab,auc score,accuracy,precision 1,recall 1,f1 score 1,precision 0,recall 0,f1 score 0,precision avg,recall avg,f1 avg
logistic regression,500,0.7291666666666667,0.7,0.8,0.6666666666666666,0.7272727272727272,0.6666666666666665,0.6666666666666665,0.6666666666666665,0.7333333333333333,0.6666666666666665,0.6969696969696968
bernoulli naive-bayes,500,0.75,0.65,0.7272727272727273,0.6666666666666666,0.6956521739130435,0.5882352941176471,0.5882352941176471,0.5882352941176471,0.6577540106951871,0.6274509803921569,0.6419437340153453
multinomial naive-bayes,500,0.7291666666666667,0.6,0.7,0.5833333333333334,0.6363636363636365,0.5555555555555556,0.5555555555555556,0.5555555555555556,0.6277777777777778,0.5694444444444444,0.595959595959596
linear svm,500,0.0,0.75,0.8181818181818182,0.75,0.7826086956521738,0.7058823529411765,0.7058823529411765,0.7058823529411765,0.7620320855614974,0.7279411764705883,0.7442455242966752
knn,500,0.6875,0.7,0.8,0.6666666666666666,0.7272727272727272,0.6666666666666665,0.6666666666666665,0.6666666666666665,0.7333333333333333,0.6666666666666665,0.6969696969696968
sgd,500,0.0,0.75,0.8181818181818182,0.75,0.7826086956521738,0.7058823529411765,0.7058823529411765,0.7058823529411765,0.7620320855614974,0.7279411764705883,0.7442455242966752
random forest,500,0.5416666666666667,0.65,0.6666666666666666,0.8333333333333334,0.7407407407407408,0.4615384615384615,0.4615384615384615,0.4615384615384615,0.5641025641025641,0.6474358974358975,0.6011396011396012
gradient boosting,500,0.5833333333333333,0.75,0.7333333333333333,0.9166666666666666,0.8148148148148148,0.6153846153846154,0.6153846153846154,0.6153846153846154,0.6743589743589744,0.766025641025641,0.7150997150997151
mlp,500,0.78125,0.7,0.6666666666666666,1.0,0.8,0.4,0.4,0.4,0.5333333333333333,0.7,0.6000000000000001
