model,vocab,auc score,accuracy,precision 1,recall 1,f1 score 1,precision 0,recall 0,f1 score 0,precision avg,recall avg,f1 avg
logistic regression,2411,0.7708333333333334,0.7,0.75,0.75,0.75,0.625,0.625,0.625,0.6875,0.6875,0.6875
bernoulli naive-bayes,2411,0.84375,0.7,0.75,0.75,0.75,0.625,0.625,0.625,0.6875,0.6875,0.6875
multinomial naive-bayes,2411,0.7916666666666667,0.65,0.7777777777777778,0.5833333333333334,0.6666666666666666,0.631578947368421,0.631578947368421,0.631578947368421,0.7046783625730995,0.6074561403508771,0.6491228070175439
linear svm,2411,0.0,0.75,0.7692307692307693,0.8333333333333334,0.8,0.6666666666666666,0.6666666666666666,0.6666666666666666,0.717948717948718,0.75,0.7333333333333334
knn,2411,0.59375,0.6,0.7,0.5833333333333334,0.6363636363636365,0.5555555555555556,0.5555555555555556,0.5555555555555556,0.6277777777777778,0.5694444444444444,0.595959595959596
sgd,2411,0.0,0.7,0.75,0.75,0.75,0.625,0.625,0.625,0.6875,0.6875,0.6875
random forest,2411,0.4375,0.55,0.5882352941176471,0.8333333333333334,0.6896551724137931,0.18181818181818182,0.18181818181818182,0.18181818181818182,0.3850267379679144,0.5075757575757576,0.4357366771159875
gradient boosting,2411,0.6041666666666666,0.7,0.6875,0.9166666666666666,0.7857142857142857,0.5,0.5,0.5,0.59375,0.7083333333333333,0.6428571428571428
mlp,2411,0.78125,0.55,1.0,0.25,0.4,0.6399999999999999,0.6399999999999999,0.6399999999999999,0.82,0.44499999999999995,0.52
