model,vocab,auc score,accuracy,precision 1,recall 1,f1 score 1,precision 0,recall 0,f1 score 0,precision avg,recall avg,f1 avg
logistic regression,2411,0.8229166666666666,0.75,0.8888888888888888,0.6666666666666666,0.761904761904762,0.7368421052631579,0.7368421052631579,0.7368421052631579,0.8128654970760234,0.7017543859649122,0.7493734335839599
bernoulli naive-bayes,2411,0.8958333333333333,0.75,0.8181818181818182,0.75,0.7826086956521738,0.7058823529411765,0.7058823529411765,0.7058823529411765,0.7620320855614974,0.7279411764705883,0.7442455242966752
multinomial naive-bayes,2411,0.8333333333333334,0.65,0.8571428571428571,0.5,0.631578947368421,0.6666666666666667,0.6666666666666667,0.6666666666666667,0.7619047619047619,0.5833333333333334,0.6491228070175439
linear svm,2411,0.0,0.8,0.9,0.75,0.8181818181818182,0.7777777777777777,0.7777777777777777,0.7777777777777777,0.8388888888888888,0.7638888888888888,0.797979797979798
knn,2411,0.6354166666666666,0.5,0.625,0.4166666666666667,0.5,0.5,0.5,0.5,0.5625,0.45833333333333337,0.5
sgd,2411,0.0,0.7,0.8,0.6666666666666666,0.7272727272727272,0.6666666666666665,0.6666666666666665,0.6666666666666665,0.7333333333333333,0.6666666666666665,0.6969696969696968
random forest,2411,0.65625,0.7,0.75,0.75,0.75,0.625,0.625,0.625,0.6875,0.6875,0.6875
gradient boosting,2411,0.6458333333333333,0.75,0.7333333333333333,0.9166666666666666,0.8148148148148148,0.6153846153846154,0.6153846153846154,0.6153846153846154,0.6743589743589744,0.766025641025641,0.7150997150997151
mlp,2411,0.75,0.6,0.8333333333333334,0.4166666666666667,0.5555555555555556,0.6363636363636364,0.6363636363636364,0.6363636363636364,0.7348484848484849,0.5265151515151515,0.595959595959596
