model,vocab,auc score,accuracy,precision 1,recall 1,f1 score 1,precision 0,recall 0,f1 score 0,precision avg,recall avg,f1 avg
logistic regression,6290,0.6562499999999999,0.75,0.7333333333333333,0.9166666666666666,0.8148148148148148,0.6153846153846154,0.6153846153846154,0.6153846153846154,0.6743589743589744,0.766025641025641,0.7150997150997151
bernoulli naive-bayes,6290,0.75,0.75,0.7058823529411765,1.0,0.8275862068965517,0.5454545454545454,0.5454545454545454,0.5454545454545454,0.625668449197861,0.7727272727272727,0.6865203761755485
multinomial naive-bayes,6290,0.6562499999999999,0.55,0.7142857142857143,0.4166666666666667,0.5263157894736842,0.5714285714285714,0.5714285714285714,0.5714285714285714,0.6428571428571428,0.49404761904761907,0.5488721804511278
linear svm,6290,0.0,0.75,0.7333333333333333,0.9166666666666666,0.8148148148148148,0.6153846153846154,0.6153846153846154,0.6153846153846154,0.6743589743589744,0.766025641025641,0.7150997150997151
knn,6290,0.6354166666666666,0.7,0.7142857142857143,0.8333333333333334,0.7692307692307692,0.5714285714285715,0.5714285714285715,0.5714285714285715,0.6428571428571429,0.7023809523809524,0.6703296703296704
sgd,6290,0.0,0.75,0.7333333333333333,0.9166666666666666,0.8148148148148148,0.6153846153846154,0.6153846153846154,0.6153846153846154,0.6743589743589744,0.766025641025641,0.7150997150997151
random forest,6290,0.6875,0.65,0.631578947368421,1.0,0.7741935483870968,0.2222222222222222,0.2222222222222222,0.2222222222222222,0.4269005847953216,0.6111111111111112,0.4982078853046595
gradient boosting,6290,0.6041666666666666,0.75,0.7333333333333333,0.9166666666666666,0.8148148148148148,0.6153846153846154,0.6153846153846154,0.6153846153846154,0.6743589743589744,0.766025641025641,0.7150997150997151
mlp,6290,0.5208333333333333,0.6,0.6,1.0,0.7499999999999999,0.0,0.0,0.0,0.3,0.5,0.37499999999999994
