model,vocab,acc_mean,acc_std,pre_mean,pre_std,rec_mean,rec_std,f1_mean,f1_std,auc_mean,auc_std,fpr_mean,fpr_std
lr,100.0,0.7057187293942261,0.020957418448307702,0.6584556526189858,0.029832379048871538,0.6064873467095204,0.020381407013825344,0.6312398621982621,0.023034851641003964,0.7683348429144593,0.02334504306105882,0.24490585455140712,0.019278055568590653
lsvm,100.0,0.7091256701356039,0.02013900693257658,0.6648849445718387,0.03020545419964623,0.6055772251172756,0.01722462132516582,0.6336462679716631,0.0210378887751464,0.0,0.0,0.2412652251541565,0.01891820325049164
sgd,100.0,0.6430755640606634,0.02914909048848095,0.619315968792945,0.04007799924143324,0.42579024557680906,0.23768784074314647,0.4576854925312771,0.16650420921364445,0.0,0.0,0.2810883801759278,0.039269829616863476
svm,100.0,0.7592792279464465,0.023271319695336665,0.713144777602439,0.03777531418606341,0.7072674509314444,0.038386257938747316,0.7091585201372637,0.026446913481262033,0.8406520803770524,0.022232984120154748,0.20567119379459453,0.022176788438481004
knn,100.0,0.6858447292222126,0.019405319611463245,0.5868308868069014,0.018875005092461986,0.8271840317866468,0.019475031970285234,0.686261797561697,0.013560679455337407,0.7777123394223604,0.017259900477632317,0.31501951766735914,0.02710275195886107
rf,100.0,0.7552992675095324,0.00931264023693617,0.774775271045071,0.023914920817443164,0.5804859529233105,0.028996522689762147,0.6628774392285418,0.016327888164956072,0.8348670926001649,0.014650454270639102,0.192209374635762,0.008112336936959388
gb,100.0,0.7469777600986209,0.01845605045874135,0.7089154051363644,0.03590428895758642,0.667139929894634,0.034359999986790186,0.6863083503768699,0.0210885032497835,0.8217728048805271,0.024178943161717554,0.21234487726539147,0.018030708191508923
mlp,100.0,0.733916387144864,0.02718112384769393,0.6885707942057984,0.023523594331363622,0.653907282012877,0.09012071167583594,0.6680979049030107,0.051843473686917135,0.8124431255952681,0.02318859298268333,0.22303265264611327,0.015851765497063592
