model,vocab,acc_mean,acc_std,pre_mean,pre_std,rec_mean,rec_std,f1_mean,f1_std,auc_mean,auc_std,fpr_mean,fpr_std
lr,100.0,0.7129097861299847,0.018885228752020523,0.6365474879529381,0.023466192047245336,0.7218345971021729,0.023285847770800564,0.6761547497468758,0.017766212186316063,0.7782237949046551,0.023131121551028564,0.25805626958357847,0.02046860324073671
lsvm,100.0,0.7155604053782861,0.020620746470859506,0.6386077091979974,0.026391196053352814,0.7291353324804193,0.0192353957719058,0.6805012972908234,0.0179469776483796,0.0,0.0,0.2565497469516942,0.02278316733652175
sgd,100.0,0.6593544838164043,0.03429112653976832,0.5975539905782057,0.05616984486270506,0.593263019939464,0.07272530477026184,0.5901908190810661,0.031345788056840504,0.0,0.0,0.294677524154736,0.046184967882110156
svm,100.0,0.771389868409736,0.021832631435813276,0.7090218213516982,0.03092915138419938,0.7651782278112356,0.04004781754358298,0.7352016377429074,0.024787519266937796,0.8529085057351619,0.019263413201060335,0.20142487782507543,0.020810136265594633
knn,100.0,0.6742997620481064,0.021807994573324604,0.5723283379492295,0.01885949181196817,0.8568300724976856,0.019742738979211527,0.6860669081469883,0.016747370786038246,0.7752653313909939,0.021264554178078973,0.3387178553155108,0.0290615467823816
rf,100.0,0.7655211648175224,0.013206511670190987,0.7680647258293599,0.025334985343867664,0.6247241031401796,0.032278076956878524,0.6883049094511003,0.020699040165934077,0.8386009242152411,0.014667906509010648,0.18807160199681647,0.010596991538636698
gb,100.0,0.7494366560591725,0.021505523006876946,0.6879907241810697,0.03026005623821754,0.7282314517219499,0.030848919016576482,0.7069965323225693,0.02306122563465597,0.8256753498212381,0.020636616614234764,0.21907476173346635,0.020848325655873676
mlp,100.0,0.7570032754221495,0.011541231724603054,0.7026395522124513,0.02030518323355322,0.7209307163437035,0.01762383938226435,0.711271323754631,0.009553544025422649,0.828412086069734,0.01502874245822354,0.20994202137029178,0.013359090848195644
