model,vocab,acc_mean,acc_std,pre_mean,pre_std,rec_mean,rec_std,f1_mean,f1_std,auc_mean,auc_std,fpr_mean,fpr_std
lr,100.0,0.7038256859035006,0.022882719847917527,0.6240802570234165,0.026753396008998023,0.7254834045828523,0.02574946419601974,0.6704954226416142,0.02017653834559526,0.7683495739394121,0.025004986102537187,0.2693433568045793,0.026174664165065167
lsvm,100.0,0.7068536595854477,0.02150758594737444,0.6261968347700373,0.025473302395660657,0.7341477621410221,0.028240037866710515,0.6753129362213881,0.018834285102448483,0.0,0.0,0.26766074942217466,0.025661170294753698
sgd,100.0,0.6627601702932828,0.032224273707566226,0.5833853616560889,0.040318133118248424,0.7113645583049895,0.1324046463329692,0.6318806485136288,0.04906708742103428,0.0,0.0,0.32020754527969275,0.058938464048219764
svm,100.0,0.7575761159370431,0.022935044788310526,0.6863504360794712,0.03427099170091541,0.7720213020459534,0.03439357825016498,0.7256887055493364,0.021658554139556547,0.8418447618014673,0.021373649864005927,0.2176229924784519,0.024841698775259432
knn,100.0,0.6684350004300335,0.021862138550509426,0.5667819382754655,0.01886943511733926,0.8613848410147597,0.009717259317903649,0.6834670618802663,0.013660644691763446,0.7682888010507956,0.018555280754709507,0.3485569477214177,0.032450965241211875
rf,100.0,0.7543578524124881,0.017427931326408314,0.7539495896307958,0.03368223763897849,0.6078530491673687,0.029361032133678633,0.6724344591773594,0.023623415246693265,0.8359688551766489,0.01662024409729428,0.1966347175768785,0.014710556868369402
gb,100.0,0.7426252831054155,0.025047613699455108,0.6800469062610862,0.03423753664744845,0.7218699618269001,0.03543449963451176,0.6995956165336298,0.026437555186343074,0.8223804668135692,0.027837453655005034,0.22546320418724486,0.025042515184842826
mlp,100.0,0.7422421948912016,0.012587048735436103,0.6761885662908007,0.01871349939839157,0.7305332792461072,0.051666198753226165,0.7010192784571232,0.021165264691255632,0.819357647549092,0.01907326975728906,0.2271305622678112,0.012550893250885655
