model,vocab,acc_mean,acc_std,pre_mean,pre_std,rec_mean,rec_std,f1_mean,f1_std,auc_mean,auc_std,fpr_mean,fpr_std
lr,100.0,0.7151814383188555,0.02250547379700342,0.6717321686012369,0.03312201498130603,0.6165132461696883,0.027305936096039565,0.6425145545443952,0.025426606378023284,0.7779964199923354,0.0224336382525576,0.2368731067066538,0.02096778520671645
lsvm,100.0,0.7199123448295633,0.0232533243958245,0.6764659375643386,0.03343779364435833,0.6256373451493119,0.029248180414172348,0.6496718142922878,0.026975803566049956,0.0,0.0,0.233452106716714,0.021096049305988414
sgd,100.0,0.6744873641810729,0.015557702095293238,0.6102124928033076,0.004528750409758203,0.596438564192176,0.09676493513067302,0.5994120440985249,0.049476928567105366,0.0,0.0,0.27612445507828215,0.0036132874715965302
svm,100.0,0.7713902267710215,0.02199309848807702,0.7383923317345469,0.03827587907308647,0.6995100945486318,0.04075943799532195,0.7173212956837892,0.026968373863673872,0.8494237506309668,0.0212752053831696,0.19218407125161577,0.019697993392805792
knn,100.0,0.6907641337691006,0.025294865905290575,0.5916976519163957,0.02360181365202011,0.827647933763951,0.021776883095395945,0.68983455485067,0.02079208250542101,0.7845967591237409,0.020787130990036446,0.30860458927144163,0.030804759153892906
rf,100.0,0.7518950144777959,0.015672730688152097,0.7682868002846521,0.03424531119296357,0.5781997274835918,0.031461155192266076,0.658955514903946,0.022908332898476613,0.8331578969708596,0.015877340555022726,0.19513649355903614,0.013069730547488775
gb,100.0,0.7471648246896592,0.020173320077996028,0.7062133695045584,0.028560156423848394,0.6707793761246503,0.03270102202603998,0.6875798266215734,0.025160991816780307,0.8235545683152162,0.019571471869091545,0.2124859683118085,0.017712803723993385
mlp,100.0,0.7501940526361055,0.02164802481574406,0.7015185020082274,0.024880251215409398,0.6926763815645771,0.03591269758433547,0.6968701554457227,0.02860571526554717,0.8268123029325765,0.0247005610625846,0.21250342825813026,0.017556782225818975
