model,vocab,acc_mean,acc_std,pre_mean,pre_std,rec_mean,rec_std,f1_mean,f1_std,auc_mean,auc_std,fpr_mean,fpr_std
lr,261665.0,0.7817956050571946,0.01175280668873085,0.8066454505500884,0.022671127957701397,0.6251838445616335,0.03627777858755926,0.7034852347093892,0.021444843326564746,0.8545107348283898,0.011530000545602458,0.17277398682035136,0.008554573226911258
nb,261665.0,0.7168822209799032,0.013588077257471194,0.6206137312340413,0.015269980876751237,0.8198884971032131,0.01213969991829647,0.7063136288852971,0.010472770513499353,0.8297965545304935,0.011086865824342736,0.27341858473341807,0.016726394834189418
lsvm,261665.0,0.7800915971445772,0.014155346260266984,0.7903719535640555,0.023223306858797473,0.640683995381783,0.029490290172408735,0.7072191418008899,0.020865433176281055,0.0,0.0,0.17617069406654337,0.011222901280582903
sgd,261665.0,0.7711970700381295,0.01512681487639469,0.7700648864856423,0.02807290647570169,0.6429723010994268,0.05159319589633449,0.6989646459031467,0.027720295971645652,0.0,0.0,0.1849176498946365,0.01172443465736488
svm,261665.0,0.7295558470227343,0.01730896851977436,0.8619517916760475,0.01262574990947239,0.415410698869369,0.05307452202346485,0.5583755024047515,0.047477889198930694,0.8393901009919084,0.012696947358605487,0.19513811369751272,0.00880498038639433
knn,261665.0,0.6805433115449671,0.01635073931605794,0.9022009379509379,0.04353207892410184,0.25991824507754235,0.045868892637031096,0.40085134978936593,0.05419670823917311,0.6709468202625225,0.021424854774711052,0.21799899867021472,0.008592150296824455
rf,261665.0,0.7310718944410997,0.02147584290171815,0.8535529811008639,0.028779700037271243,0.4254636419425636,0.05447563869202332,0.5658098129412068,0.04876165738403189,0.8416893405483528,0.016611616674172783,0.19500091960052296,0.013141133694017131
gb,261665.0,0.7414817522433416,0.011561214949349344,0.783426818250218,0.0038405434367927882,0.5212157144194464,0.037679106147145584,0.6251809973457451,0.02734502055084279,0.8172241891744267,0.014947314948496491,0.19742797673941026,0.005949920728819878
mlp,261665.0,0.7867150096040826,0.007452059859023573,0.7950592456322021,0.02200832251375441,0.6570901072383271,0.03627722224712207,0.7184462665128903,0.015448508894710422,0.840750262717148,0.012959668800244874,0.171880729050141,0.006358544878877939
