model,vocab,acc_mean,acc_std,pre_mean,pre_std,rec_mean,rec_std,f1_mean,f1_std,auc_mean,auc_std,fpr_mean,fpr_std
lr,384783.0,0.7766859106676988,0.012263741504989233,0.7829274655448831,0.028168289353830114,0.6416013979467657,0.03443146080405186,0.7042282666321732,0.018466365113236766,0.8470721500598198,0.012763811730621638,0.17957073640346408,0.010676720035640418
nb,384783.0,0.7284243212637251,0.013308343982162836,0.6371035458174197,0.015030125715987717,0.8048356060369667,0.025178519408194946,0.7109344441321112,0.013357722613626579,0.8253893542230768,0.011816156945747724,0.2562925048768692,0.015132088492685637
lsvm,384783.0,0.7696846062326195,0.01105726891618262,0.7729623160338264,0.03155366962596059,0.6333884606983493,0.0300899769561827,0.6951835914566594,0.01446819371420746,0.0,0.0,0.18529601725031047,0.010869531809988864
sgd,384783.0,0.7672226642011409,0.016065210371121505,0.7253632617040504,0.027061681989407824,0.7104575571296324,0.049514006578632655,0.7163716688923658,0.023136408311856888,0.0,0.0,0.19782403555248124,0.014579178789108622
svm,384783.0,0.7352342607723402,0.01983679874666688,0.8442291795345117,0.018933003533436087,0.44551752114082444,0.06468538708507493,0.579937991355423,0.05267844159005186,0.83225754921186,0.010377253146645548,0.19368030092633567,0.01022372415136212
knn,384783.0,0.6773241521171985,0.01643974513717056,0.8902731255126776,0.04459983738437069,0.25579201381304545,0.04720033742879844,0.39440867139481806,0.05622020532529406,0.6702645155305845,0.02260785202601302,0.22015853664755952,0.00842150857283447
rf,384783.0,0.7322073621742495,0.01702787577651106,0.8506934091457975,0.026724800400105466,0.4322942345097305,0.05637461930079575,0.5704234971848924,0.04611752018966946,0.8282730546729133,0.018240207066707974,0.1948451694887257,0.009097327357418574
gb,384783.0,0.7403473595940484,0.00868830127802345,0.7578939318613203,0.011296199398595474,0.5513079747454259,0.04130109676618687,0.637114119846255,0.02463924601905797,0.8142935010977534,0.012269641168159302,0.20237905297949843,0.003605056558582699
mlp,384783.0,0.7679791648748602,0.012478350123990492,0.762655929871413,0.032973381764298204,0.6457234686554124,0.059727769509878015,0.6966445414190138,0.025978971522808897,0.8344991422621032,0.01799563527638845,0.1884310821004983,0.01003195942440442
