model,vocab,acc_mean,acc_std,pre_mean,pre_std,rec_mean,rec_std,f1_mean,f1_std,auc_mean,auc_std,fpr_mean,fpr_std
lr,19455.0,0.7641950488804794,0.010996796608653995,0.7666911442335559,0.016824214640834268,0.6215371173588791,0.03167408270088761,0.6859322481297252,0.019534201022053065,0.8357677748719137,0.012118025854913632,0.1888907401822932,0.00809009951683991
nb,19455.0,0.678463561824489,0.007682791285191609,0.764236334284286,0.02098230842924196,0.3274180630532239,0.0330762406808718,0.45702723388632416,0.02982515841495811,0.780938704375034,0.0062719070712785735,0.22857482862779457,0.0041851780455185944
lsvm,19455.0,0.7660870172873484,0.005876472577371494,0.7295079514355827,0.01262156956545396,0.6944966247490665,0.021124875972368402,0.7112355249790736,0.00915584301664911,0.0,0.0,0.19666872373564112,0.005814018996417918
sgd,19455.0,0.763059222786044,0.0054633182178150325,0.7236246276505068,0.011217892154875482,0.6949480450588198,0.015491706936088234,0.7087944303531983,0.006920594527816671,0.0,0.0,0.19978570299175874,0.005787970590026762
svm,19455.0,0.7721429646512428,0.007194325014027606,0.7858800369600211,0.012382938409153136,0.6206165943770088,0.02863031640369242,0.6929811048110129,0.01589985843811552,0.8501439657909134,0.007577663033871009,0.18125726799417854,0.004556883275306483
knn,19455.0,0.7147992460078553,0.019996019343796686,0.6605085162116634,0.024169753675608946,0.6434164404364423,0.03230766045963275,0.6516860953480086,0.026673468565833837,0.7768798268340182,0.01899364320974709,0.24151530468323487,0.01620890986913659
rf,19455.0,0.7598389882744188,0.012324197898749036,0.8193009382291153,0.021704644058156235,0.5417314153170864,0.03797303468801739,0.6511400558162963,0.02594958886898552,0.8438096390029773,0.011091827355065583,0.18326612620809243,0.008145524114703817
gb,19455.0,0.7395888879332588,0.010379609432251252,0.7696832060468204,0.010097869626831745,0.5321579763056346,0.03803455844766996,0.628352906092643,0.02514828988402691,0.8154731712264252,0.00973397499291011,0.20058211783801974,0.005383159680738461
mlp,19455.0,0.7681698130787534,0.008415153408530747,0.740906951193512,0.025395179404776397,0.6817330795394264,0.025863460961477406,0.7092698855444445,0.00937019350973362,0.8462853450249588,0.008166129012648361,0.19297447236267934,0.009594638125065136
