model,vocab,acc_mean,acc_std,pre_mean,pre_std,rec_mean,rec_std,f1_mean,f1_std,auc_mean,auc_std,fpr_mean,fpr_std
lr,156182.0,0.747542895845876,0.01273831475630935,0.7252965199338949,0.028173943985214375,0.6338482021198033,0.03422968619223756,0.6754559649693879,0.017706282188670316,0.8218512867071988,0.012924413077231056,0.20684587157547735,0.012233376307939928
nb,156182.0,0.6784633826438462,0.010314971100026778,0.8341567109786785,0.029085186657165828,0.2818173307953943,0.027037223738429882,0.42043630834070667,0.03005323497239774,0.7885151170808672,0.011700413634163843,0.222568071134861,0.006159487093547234
lsvm,156182.0,0.7700646483759066,0.016894512017780226,0.7211360597056059,0.025095759990475173,0.7291644563713712,0.035050071544219345,0.7244975506190021,0.021169548704868365,0.0,0.0,0.19750341911211033,0.015246921835743171
sgd,156182.0,0.7641964823256214,0.015534652218821261,0.7097922027239253,0.021808065257721478,0.7318896204532926,0.03036963811194345,0.7202485456301095,0.01935128393332315,0.0,0.0,0.20393825068655058,0.013990958735682674
svm,156182.0,0.7577603136377971,0.0155064001582662,0.7526917816413322,0.028932086126347303,0.6233615210992189,0.050436240630179104,0.6801954804602259,0.027719578297779594,0.8337559818011971,0.013418250626156284,0.19534631879280567,0.01224647716538511
knn,156182.0,0.664648375906654,0.02196720964748702,0.5776062042312177,0.021888949107300812,0.7154731072071229,0.031217656148472175,0.6390465828569118,0.023960434014784263,0.7259797628631091,0.022584855706013277,0.3132828350120989,0.02124178033974566
rf,156182.0,0.7386431725007884,0.013232640599978631,0.8353354518516815,0.023584900474729185,0.4628451961182014,0.04662751264589725,0.5937289639198662,0.03531111146602078,0.8304664927806821,0.015790817676447407,0.19287658012820436,0.007111797973325269
gb,156182.0,0.7448915598750036,0.004507086679983913,0.7524706688608255,0.029844700707207777,0.5786594689050457,0.0376006005908347,0.6525270463794152,0.0145460641476135,0.8102804595226882,0.014616719423527644,0.20189353870987176,0.007066237747485632
mlp,156182.0,0.7706321134715175,0.0169041856259801,0.7222845911139558,0.030888023917082282,0.7309878199727484,0.03641360313651199,0.7255610322824605,0.01893461695478597,0.8461247423997399,0.014836210115299404,0.19734209211157352,0.01701180719650529
