model,vocab,acc_mean,acc_std,pre_mean,pre_std,rec_mean,rec_std,f1_mean,f1_std,auc_mean,auc_std,fpr_mean,fpr_std
lr,23422.0,0.7579520369255468,0.015864672808898476,0.7452695595602058,0.03162671226925005,0.6365858478692754,0.040124920254625406,0.6853979746248504,0.023509533424479933,0.8277335041873292,0.010228523462890732,0.19700006222751384,0.01411323918586542
nb,23422.0,0.6801666738338923,0.006970749998929243,0.7531087850111744,0.017761587739735105,0.34291821387337346,0.035297416608779025,0.4697531077367142,0.030163432164099745,0.7611509716535275,0.0065282688091813125,0.2291786385654247,0.0028782616920270663
lsvm,23422.0,0.766656095008744,0.008183147186590056,0.7261857477046867,0.012648088209073101,0.7036196835897276,0.027661701973648332,0.7143008998197129,0.01348182256364341,0.0,0.0,0.19733302227835545,0.006856249039876175
sgd,23422.0,0.7611690461856024,0.012672337889928085,0.715738935296138,0.020627303510476223,0.7058975879177458,0.02411044619097343,0.7103689068489694,0.014790868536938317,0.0,0.0,0.2033311216799742,0.012329069692837051
svm,23422.0,0.7710078552793783,0.014053945396468153,0.7737558518826664,0.022332842699914587,0.6352149447166141,0.046053592189026965,0.696386557318393,0.026572426660773002,0.8445458126957976,0.009558166189680825,0.18408071949826915,0.009871155245221258
knn,23422.0,0.658403572145294,0.018377807728391177,0.5694193399396008,0.017655205703709383,0.7273202899907427,0.018618823176777512,0.6387119527440202,0.017575548755767514,0.7265203028228158,0.026445714874386638,0.3239962876016589,0.019272146205940078
rf,23422.0,0.7382656388864998,0.01032563431065289,0.80996846402276,0.030692614718082795,0.4856346407880093,0.0433971586975825,0.6051587468483233,0.029152992064915395,0.8289756142569121,0.016254943964270088,0.1960396975310558,0.006763969385779883
gb,23422.0,0.7431870144204581,0.003251174949518223,0.746571028141282,0.027628928323299277,0.5813856731259296,0.03728138207130895,0.6520789649271658,0.01426269387409142,0.8138297878570739,0.013860501373422355,0.20387657418964666,0.006562875151332639
mlp,23422.0,0.7626811516298271,0.012373347478823495,0.7204352642751347,0.02153427067234487,0.7013220166214207,0.009022139579623317,0.710531947682764,0.010748682595991495,0.8410195601331379,0.007949735259271716,0.20117038938549353,0.012858566651721165
