model,accuracy,precision,recall,f1 score,auc score,scenario
logistic regression,0.7,0.7142857142857143,0.8333333333333334,0.7692307692307692,0.7708333333333333,1
svm,0.7,0.6875,0.9166666666666666,0.7857142857142857,0.0,1
naive-bayes,0.75,0.7058823529411765,1.0,0.8275862068965517,0.8854166666666667,1
logistic regression,0.11859559933275081,0.028633329429675607,0.8988970588235294,0.055498808307797076,0.5265105388682096,2
svm,0.1269626922975084,0.030067209055535903,0.9375,0.058265737461441786,0.0,2
naive-bayes,0.037757830910583316,0.02811019195245362,0.9650735294117647,0.05462917197783617,0.5472054703925792,2
logistic regression,0.950856567903196,0.33547557840616965,0.7196691176470589,0.45762711864406785,0.9396066359898194,3
svm,0.8905658379008129,0.1769573520050923,0.7665441176470589,0.28753663161523874,0.0,3
naive-bayes,0.9643339423306061,0.3734115347018573,0.35110294117647056,0.36191378493604925,0.9097919820685982,3
