vocab,auc score,accuracy,precision 1,recall 1,f1 score 1,precision 0,recall 0,f1 score 0,precision avg,recall avg,f1 avg
20983,0,0.7493150684931507,0.7471264367816092,0.7323943661971831,0.7396870554765291,0.7582562747688244,0.7582562747688244,0.7582562747688244,0.7526913557752168,0.7453253204830037,0.7489716651226768
