vocab,auc score,accuracy,precision 1,recall 1,f1 score 1,precision 0,recall 0,f1 score 0,precision avg,recall avg,f1 avg
20983,0,0.7356164383561644,0.7120418848167539,0.7661971830985915,0.7381275440976933,0.7330567081604427,0.7330567081604427,0.7330567081604427,0.7225492964885982,0.749626945629517,0.735592126129068
