vocab,auc score,accuracy,precision 1,recall 1,f1 score 1,precision 0,recall 0,f1 score 0,precision avg,recall avg,f1 avg
245922,0,0.7315068493150685,0.7304347826086957,0.7098591549295775,0.72,0.7421052631578947,0.7421052631578947,0.7421052631578947,0.7362700228832952,0.7259822090437361,0.7310526315789474
