vocab,auc score,accuracy,precision 1,recall 1,f1 score 1,precision 0,recall 0,f1 score 0,precision avg,recall avg,f1 avg
23253,0,0.7616438356164383,0.7520891364902507,0.7605633802816901,0.7563025210084033,0.7667560321715817,0.7667560321715817,0.7667560321715817,0.7594225843309161,0.7636597062266359,0.7615292765899926
