vocab,auc score,accuracy,precision 1,recall 1,f1 score 1,precision 0,recall 0,f1 score 0,precision avg,recall avg,f1 avg
23253,0,0.7602739726027398,0.7528089887640449,0.7549295774647887,0.7538677918424753,0.766355140186916,0.766355140186916,0.766355140186916,0.7595820644754805,0.7606423588258524,0.7601114660146957
