vocab,auc score,accuracy,precision 1,recall 1,f1 score 1,precision 0,recall 0,f1 score 0,precision avg,recall avg,f1 avg
500,0,0.6945205479452055,0.6885714285714286,0.6788732394366197,0.6836879432624113,0.704635761589404,0.704635761589404,0.704635761589404,0.6966035950804164,0.6917545005130119,0.6941618524259077
