vocab,auc score,accuracy,precision 1,recall 1,f1 score 1,precision 0,recall 0,f1 score 0,precision avg,recall avg,f1 avg
500,0,0.6835616438356165,0.658974358974359,0.723943661971831,0.6899328859060403,0.6769230769230768,0.6769230769230768,0.6769230769230768,0.6679487179487179,0.7004333694474539,0.6834279814145585
