vocab,auc score,accuracy,precision 1,recall 1,f1 score 1,precision 0,recall 0,f1 score 0,precision avg,recall avg,f1 avg
20983,0,0.7328767123287672,0.7285714285714285,0.7183098591549296,0.7234042553191489,0.7417218543046358,0.7417218543046358,0.7417218543046358,0.7351466414380321,0.7300158567297828,0.7325630548118923
