vocab,auc score,accuracy,precision 1,recall 1,f1 score 1,precision 0,recall 0,f1 score 0,precision avg,recall avg,f1 avg
20983,0,0.7424657534246575,0.7378917378917379,0.7295774647887324,0.7337110481586403,0.750663129973475,0.750663129973475,0.750663129973475,0.7442774339326064,0.7401202973811036,0.7421870890660576
