vocab,auc score,accuracy,precision 1,recall 1,f1 score 1,precision 0,recall 0,f1 score 0,precision avg,recall avg,f1 avg
316427,0,0.7657534246575343,0.7555555555555555,0.7661971830985915,0.7608391608391609,0.770469798657718,0.770469798657718,0.770469798657718,0.7630126771066368,0.7683334908781547,0.7656544797484395
