vocab,auc score,accuracy,precision 1,recall 1,f1 score 1,precision 0,recall 0,f1 score 0,precision avg,recall avg,f1 avg
23253,0,0.7712328767123288,0.7625698324022346,0.7690140845070422,0.7657784011220196,0.7764390896921017,0.7764390896921017,0.7764390896921017,0.7695044610471682,0.772726587099572,0.7711087454070606
