vocab,auc score,accuracy,precision 1,recall 1,f1 score 1,precision 0,recall 0,f1 score 0,precision avg,recall avg,f1 avg
121554,0,0.7780821917808219,0.7506493506493507,0.8140845070422535,0.781081081081081,0.775,0.775,0.775,0.7628246753246753,0.7945422535211268,0.7780405405405405
