vocab,auc score,accuracy,precision 1,recall 1,f1 score 1,precision 0,recall 0,f1 score 0,precision avg,recall avg,f1 avg
500,0,0.7191780821917808,0.7060439560439561,0.723943661971831,0.7148817802503477,0.7233468286099866,0.7233468286099866,0.7233468286099866,0.7146953923269713,0.7236452452909088,0.7191143044301671
