vocab,auc score,accuracy,precision 1,recall 1,f1 score 1,precision 0,recall 0,f1 score 0,precision avg,recall avg,f1 avg
20983,0,0.7616438356164383,0.7493112947658402,0.7661971830985915,0.7576601671309193,0.7654986522911051,0.7654986522911051,0.7654986522911051,0.7574049735284727,0.7658479176948483,0.7615794097110122
