vocab,auc score,accuracy,precision 1,recall 1,f1 score 1,precision 0,recall 0,f1 score 0,precision avg,recall avg,f1 avg
23253,0,0.7753424657534247,0.7574123989218329,0.7915492957746478,0.7741046831955923,0.776566757493188,0.776566757493188,0.776566757493188,0.7669895782075105,0.7840580266339179,0.7753357203443902
