vocab,auc score,accuracy,precision 1,recall 1,f1 score 1,precision 0,recall 0,f1 score 0,precision avg,recall avg,f1 avg
171620,0,0.7315068493150685,0.7202216066481995,0.7323943661971831,0.7262569832402234,0.7365591397849462,0.7365591397849462,0.7365591397849462,0.7283903732165729,0.7344767529910647,0.7314080615125849
