vocab,auc score,accuracy,precision 1,recall 1,f1 score 1,precision 0,recall 0,f1 score 0,precision avg,recall avg,f1 avg
144807,0,0.7849315068493151,0.75,0.8366197183098592,0.7909454061251664,0.7785613540197461,0.7785613540197461,0.7785613540197461,0.7642806770098731,0.8075905361648026,0.7847533800724562
