vocab,auc score,accuracy,precision 1,recall 1,f1 score 1,precision 0,recall 0,f1 score 0,precision avg,recall avg,f1 avg
500,0,0.7205479452054795,0.7035040431266847,0.7352112676056338,0.7190082644628099,0.7220708446866485,0.7220708446866485,0.7220708446866485,0.7127874439066666,0.7286410561461412,0.7205395545747292
