vocab,auc score,accuracy,precision 1,recall 1,f1 score 1,precision 0,recall 0,f1 score 0,precision avg,recall avg,f1 avg
316427,0,0.7794520547945205,0.7287735849056604,0.8704225352112676,0.7933247753530166,0.7635829662261381,0.7635829662261381,0.7635829662261381,0.7461782755658992,0.8170027507187028,0.7784538707895774
