vocab,auc score,accuracy,precision 1,recall 1,f1 score 1,precision 0,recall 0,f1 score 0,precision avg,recall avg,f1 avg
20983,0,0.763013698630137,0.7472826086956522,0.7746478873239436,0.760719225449516,0.7652645861601086,0.7652645861601086,0.7652645861601086,0.7562735974278805,0.7699562367420261,0.7629919058048122
