vocab,auc score,accuracy,precision 1,recall 1,f1 score 1,precision 0,recall 0,f1 score 0,precision avg,recall avg,f1 avg
245922,0,0.763013698630137,0.7136150234741784,0.856338028169014,0.7784891165172856,0.7452135493372607,0.7452135493372607,0.7452135493372607,0.7294142864057196,0.8007757887531374,0.7618513329272731
