vocab,auc score,accuracy,precision 1,recall 1,f1 score 1,precision 0,recall 0,f1 score 0,precision avg,recall avg,f1 avg
20983,0,0.7643835616438356,0.7479674796747967,0.7774647887323943,0.7624309392265193,0.766304347826087,0.766304347826087,0.766304347826087,0.7571359137504419,0.7718845682792407,0.7643676435263032
