vocab,auc score,accuracy,precision 1,recall 1,f1 score 1,precision 0,recall 0,f1 score 0,precision avg,recall avg,f1 avg
245922,0,0.7616438356164383,0.7139479905437353,0.8507042253521127,0.7763496143958869,0.744868035190616,0.744868035190616,0.744868035190616,0.7294080128671756,0.7977861302713642,0.7606088247932514
