vocab,auc score,accuracy,precision 1,recall 1,f1 score 1,precision 0,recall 0,f1 score 0,precision avg,recall avg,f1 avg
23253,0,0.7753424657534247,0.7690140845070422,0.7690140845070422,0.7690140845070422,0.7813333333333333,0.7813333333333333,0.7813333333333333,0.7751737089201878,0.7751737089201878,0.7751737089201878
