vocab,auc score,accuracy,precision 1,recall 1,f1 score 1,precision 0,recall 0,f1 score 0,precision avg,recall avg,f1 avg
23253,0,0.7780821917808219,0.7673130193905817,0.780281690140845,0.7737430167597766,0.782258064516129,0.782258064516129,0.782258064516129,0.7747855419533554,0.781269877328487,0.7780005406379529
