model,vocab,auc,accuracy,precision 1,recall 1,f1 score 1,precision 0,recall 0,f1 score 0,precision avg,recall avg,f1 avg,fpr
lr,158496,0.9099099099099099,0.8357771260997068,0.7669902912621359,0.7117117117117117,0.7383177570093458,0.8803418803418803,0.8803418803418803,0.8803418803418803,0.8236660858020082,0.7960267960267959,0.809329818675613,0.11965811965811968
nb,158496,0.8844300822561691,0.8152492668621701,0.6764705882352942,0.8288288288288288,0.7449392712550607,0.8551724137931034,0.8551724137931034,0.8551724137931034,0.7658215010141988,0.8420006213109661,0.800055842524082,0.14482758620689662
lsvm,158496,0.0,0.8328445747800587,0.7547169811320755,0.7207207207207207,0.7373271889400921,0.8774193548387096,0.8774193548387096,0.8774193548387096,0.8160681679853925,0.7990700377797151,0.8073732718894009,0.12258064516129041
sgd,158496,0.0,0.8269794721407625,0.7166666666666667,0.7747747747747747,0.7445887445887446,0.8691796008869179,0.8691796008869179,0.8691796008869179,0.7929231337767924,0.8219771878308464,0.8068841727378313,0.13082039911308208
svm,158496,0.9045045045045045,0.8152492668621701,0.8428571428571429,0.5315315315315315,0.6519337016574586,0.8742514970059881,0.8742514970059881,0.8742514970059881,0.8585543199315655,0.7028915142687598,0.7630925993317234,0.12574850299401186
knn,158496,0.6358597728162946,0.7096774193548387,0.875,0.12612612612612611,0.22047244094488186,0.8216216216216217,0.8216216216216217,0.8216216216216217,0.8483108108108108,0.4738738738738739,0.5210470312832518,0.17837837837837833
rf,158496,0.891578535056796,0.7859237536656891,0.796875,0.4594594594594595,0.582857142857143,0.8560157790927021,0.8560157790927021,0.8560157790927021,0.826445389546351,0.6577376192760808,0.7194364609749225,0.1439842209072979
gb,158496,0.9137485311398356,0.844574780058651,0.8222222222222222,0.6666666666666666,0.7363184079601989,0.8898128898128898,0.8898128898128898,0.8898128898128898,0.856017556017556,0.7782397782397782,0.8130656488865443,0.11018711018711025
mlp,158496,0.8796318057187622,0.8269794721407625,0.7280701754385965,0.7477477477477478,0.7377777777777778,0.8708971553610504,0.8708971553610504,0.8708971553610504,0.7994836653998234,0.8093224515543991,0.8043374665694141,0.1291028446389496
