model,vocab,auc,accuracy,precision 1,recall 1,f1 score 1,precision 0,recall 0,f1 score 0,precision avg,recall avg,f1 avg,fpr
lr,13854,0.9099099099099099,0.8357771260997068,0.7522935779816514,0.7387387387387387,0.7454545454545455,0.8787878787878789,0.8787878787878789,0.8787878787878789,0.8155407283847651,0.8087633087633088,0.8121212121212122,0.1212121212121211
nb,13854,0.8754014884449667,0.8152492668621701,0.6739130434782609,0.8378378378378378,0.746987951807229,0.8545034642032333,0.8545034642032333,0.8545034642032333,0.7642082538407471,0.8461706510205356,0.8007457080052311,0.1454965357967667
lsvm,13854,0.0,0.8035190615835777,0.6896551724137931,0.7207207207207207,0.7048458149779736,0.8527472527472527,0.8527472527472527,0.8527472527472527,0.771201212580523,0.7867339867339866,0.7787965338626132,0.14725274725274728
sgd,13854,0.0,0.8269794721407625,0.7452830188679245,0.7117117117117117,0.7281105990783409,0.8731182795698925,0.8731182795698925,0.8731182795698925,0.8092006492189086,0.7924149956408021,0.8006144393241167,0.12688172043010748
svm,13854,0.9123971797884841,0.8357771260997068,0.7956989247311828,0.6666666666666666,0.7254901960784312,0.8828451882845189,0.8828451882845189,0.8828451882845189,0.8392720565078509,0.7747559274755927,0.8041676921814751,0.11715481171548114
knn,13854,0.6997062279670976,0.7478005865102639,0.9310344827586207,0.24324324324324326,0.38571428571428573,0.8413284132841328,0.8413284132841328,0.8413284132841328,0.8861814480213768,0.542285828263688,0.6135213494992092,0.15867158671586723
rf,13854,0.9042694868781825,0.8269794721407625,0.7954545454545454,0.6306306306306306,0.7035175879396985,0.8778467908902692,0.8778467908902692,0.8778467908902692,0.8366506681724073,0.7542387107604499,0.7906821894149838,0.12215320910973082
gb,13854,0.9106149627888758,0.8240469208211144,0.7741935483870968,0.6486486486486487,0.7058823529411764,0.8744769874476988,0.8744769874476988,0.8744769874476988,0.8243352679173978,0.7615628180481737,0.7901796701944376,0.12552301255230125
mlp,13854,0.8944379161770466,0.8152492668621701,0.6935483870967742,0.7747747747747747,0.7319148936170213,0.8590604026845639,0.8590604026845639,0.8590604026845639,0.776304394890669,0.8169175887296694,0.7954876481507926,0.14093959731543615
