model,vocab,auc,accuracy,precision 1,recall 1,f1 score 1,precision 0,recall 0,f1 score 0,precision avg,recall avg,f1 avg,fpr
lr,15864,0.9113591852722288,0.8181818181818182,0.7474747474747475,0.6666666666666666,0.7047619047619048,0.8686440677966101,0.8686440677966101,0.8686440677966101,0.8080594076356789,0.7676553672316384,0.7867029862792574,0.13135593220338992
nb,15864,0.9172346259302782,0.8211143695014663,0.6923076923076923,0.8108108108108109,0.7468879668049794,0.8616780045351474,0.8616780045351474,0.8616780045351474,0.7769928484214199,0.8362444076729791,0.8042829856700634,0.13832199546485258
lsvm,15864,0.0,0.8504398826979472,0.7777777777777778,0.7567567567567568,0.7671232876712328,0.8898488120950325,0.8898488120950325,0.8898488120950325,0.8338132949364052,0.8233027844258947,0.8284860498831327,0.11015118790496747
sgd,15864,0.0,0.8592375366568915,0.7889908256880734,0.7747747747747747,0.7818181818181819,0.8961038961038962,0.8961038961038962,0.8961038961038962,0.8425473608959848,0.8354393354393355,0.838961038961039,0.10389610389610382
svm,15864,0.927536231884058,0.8563049853372434,0.7980769230769231,0.7477477477477478,0.772093023255814,0.8950749464668094,0.8950749464668094,0.8950749464668094,0.8465759347718662,0.8214113471072786,0.8335839848613117,0.1049250535331906
knn,15864,0.8530748139443791,0.7536656891495601,0.5882352941176471,0.8108108108108109,0.6818181818181819,0.7990430622009569,0.7990430622009569,0.7990430622009569,0.693639178159302,0.8049269365058839,0.7404306220095693,0.2009569377990431
rf,15864,0.9181942812377595,0.8269794721407625,0.8023255813953488,0.6216216216216216,0.700507614213198,0.8783505154639176,0.8783505154639176,0.8783505154639176,0.8403380484296332,0.7499860685427696,0.7894290648385578,0.12164948453608238
gb,15864,0.927888758323541,0.841642228739003,0.7766990291262136,0.7207207207207207,0.7476635514018692,0.8846153846153847,0.8846153846153847,0.8846153846153847,0.8306572068707991,0.8026680526680527,0.8161394680086269,0.11538461538461531
mlp,15864,0.9295730513121818,0.8592375366568915,0.7603305785123967,0.8288288288288288,0.793103448275862,0.8933333333333333,0.8933333333333333,0.8933333333333333,0.826831955922865,0.8610810810810811,0.8432183908045976,0.10666666666666669
