model,vocab,auc,accuracy,precision 1,recall 1,f1 score 1,precision 0,recall 0,f1 score 0,precision avg,recall avg,f1 avg,fpr
lr,202199,0.9077555816686251,0.8240469208211144,0.7628865979381443,0.6666666666666666,0.7115384615384616,0.8734177215189874,0.8734177215189874,0.8734177215189874,0.8181521597285659,0.770042194092827,0.7924780915287245,0.12658227848101256
nb,202199,0.9236584410497454,0.8328445747800587,0.7213114754098361,0.7927927927927928,0.7553648068669527,0.8730512249443206,0.8730512249443206,0.8730512249443206,0.7971813501770784,0.8329220088685567,0.8142080159056366,0.12694877505567936
lsvm,202199,0.0,0.8680351906158358,0.7704918032786885,0.8468468468468469,0.8068669527896997,0.8997772828507795,0.8997772828507795,0.8997772828507795,0.835134543064734,0.8733120648488132,0.8533221178202396,0.10022271714922049
sgd,202199,0.0,0.8709677419354839,0.7723577235772358,0.8558558558558559,0.811965811965812,0.9017857142857143,0.9017857142857143,0.9017857142857143,0.837071718931475,0.8788207850707851,0.8568757631257631,0.0982142857142857
svm,202199,0.9162945554249903,0.844574780058651,0.8152173913043478,0.6756756756756757,0.7389162561576353,0.8893528183716075,0.8893528183716075,0.8893528183716075,0.8522851048379776,0.7825142470236416,0.8141345372646214,0.11064718162839249
knn,202199,0.8638660399529965,0.7859237536656891,0.6319444444444444,0.8198198198198198,0.7137254901960783,0.8290398126463702,0.8290398126463702,0.8290398126463702,0.7304921285454073,0.824429816233095,0.7713826514212243,0.17096018735362983
rf,202199,0.9001762632197414,0.8152492668621701,0.8076923076923077,0.5675675675675675,0.6666666666666666,0.872210953346856,0.872210953346856,0.872210953346856,0.8399516305195819,0.7198892604572118,0.7694388100067613,0.12778904665314395
gb,202199,0.9150998824911869,0.8504398826979472,0.7542372881355932,0.8018018018018018,0.777292576419214,0.8874172185430464,0.8874172185430464,0.8874172185430464,0.8208272533393198,0.8446095101724241,0.8323548974811302,0.11258278145695355
mlp,202199,0.9260477869173522,0.8621700879765396,0.7758620689655172,0.8108108108108109,0.7929515418502202,0.8967032967032967,0.8967032967032967,0.8967032967032967,0.836282682834407,0.8537570537570538,0.8448274192767584,0.10329670329670326
