model,vocab,auc,accuracy,precision 1,recall 1,f1 score 1,precision 0,recall 0,f1 score 0,precision avg,recall avg,f1 avg,fpr
lr,13854,0.9130826478652566,0.8357771260997068,0.8089887640449438,0.6486486486486487,0.72,0.8838174273858922,0.8838174273858922,0.8838174273858922,0.846403095715418,0.7662330380172704,0.8019087136929461,0.1161825726141078
nb,13854,0.9121034077555816,0.8211143695014663,0.711864406779661,0.7567567567567568,0.7336244541484717,0.8653421633554084,0.8653421633554084,0.8653421633554084,0.7886032850675346,0.8110494600560826,0.79948330875194,0.13465783664459163
lsvm,13854,0.0,0.8533724340175953,0.7652173913043478,0.7927927927927928,0.7787610619469026,0.8903508771929824,0.8903508771929824,0.8903508771929824,0.8277841342486651,0.8415718349928876,0.8345559695699425,0.10964912280701755
sgd,13854,0.0,0.8240469208211144,0.7297297297297297,0.7297297297297297,0.7297297297297297,0.8695652173913043,0.8695652173913043,0.8695652173913043,0.799647473560517,0.799647473560517,0.799647473560517,0.13043478260869568
svm,13854,0.9211711711711711,0.8504398826979472,0.8061224489795918,0.7117117117117117,0.7559808612440191,0.8921775898520086,0.8921775898520086,0.8921775898520086,0.8491500194158002,0.8019446507818602,0.8240792255480138,0.10782241014799143
knn,13854,0.8321190755973364,0.7214076246334311,0.5481927710843374,0.8198198198198198,0.6570397111913358,0.7654320987654321,0.7654320987654321,0.7654320987654321,0.6568124349248847,0.7926259592926259,0.7112359049783838,0.23456790123456794
rf,13854,0.9114962788875832,0.8357771260997068,0.8089887640449438,0.6486486486486487,0.72,0.8838174273858922,0.8838174273858922,0.8838174273858922,0.846403095715418,0.7662330380172704,0.8019087136929461,0.1161825726141078
gb,13854,0.918292205248727,0.844574780058651,0.8020833333333334,0.6936936936936937,0.7439613526570048,0.8884210526315791,0.8884210526315791,0.8884210526315791,0.8452521929824562,0.7910573731626365,0.8161912026442919,0.11157894736842089
mlp,13854,0.9254994124559343,0.8387096774193549,0.7978723404255319,0.6756756756756757,0.7317073170731708,0.8846960167714885,0.8846960167714885,0.8846960167714885,0.8412841785985101,0.780185846223582,0.8082016669223296,0.11530398322851154
