model,accuracy,precision,recall,f1 score,auc score,vocab
logistic regression,0.9789130308149356,0.695139911634757,0.47724974721941354,0.565947242206235,0.9208706932351232,55276
bernoulli naive-bayes,0.9572435486689579,0.31007137192704204,0.3953488372093023,0.3475555555555555,0.91447451430422,55276
multinomial naive-bayes,0.9716898700996097,0.5148861646234676,0.2972699696663296,0.3769230769230769,0.5708413026118311,55276
linear svm,0.9765538533232364,0.6017699115044248,0.5500505561172901,0.5747490755414685,0.0,55276
knn,0.97888390516689,0.8529411764705882,0.3225480283114257,0.4680851063829788,0.7803774947726839,55276
random forest,0.9834275062620144,0.8962264150943396,0.48028311425682507,0.6254114549045424,0.9360907150646918,55276
gradient boosting,0.975010193976816,0.7250859106529209,0.21334681496461072,0.3296875,0.901601375817756,55276
mlp,0.9803110619211277,0.6978508217446271,0.5581395348837209,0.6202247191011236,0.8867111323978975,55276
