model,accuracy,precision,recall,f1 score,auc score,vocab
logistic regression,0.9757965864740491,0.7438271604938271,0.243680485338726,0.3670982482863671,0.9380495239204196,69571
bernoulli naive-bayes,0.954855245529213,0.30120481927710846,0.42972699696663297,0.3541666666666667,0.9088826089837212,69571
multinomial naive-bayes,0.9711947340828333,0.0,0.0,0.0,0.39496708507937284,69571
linear svm,0.9818547212675482,0.8279569892473119,0.4671385237613751,0.5972850678733032,0.0,69571
knn,0.937350731053766,0.1838955386289445,0.3417593528816987,0.23912274495932084,0.7594080999860362,69571
random forest,0.983806139686608,0.9287128712871288,0.474216380182002,0.6278447121820616,0.9330534515144168,69571
gradient boosting,0.9762625968427797,0.7735849056603774,0.2487360970677452,0.3764345830145371,0.9160330284804767,69571
mlp,0.9784178947981592,0.6412300683371298,0.5692618806875632,0.6031065881092662,0.9052619298109161,69571
