model,accuracy,precision,recall,f1 score,auc score,vocab
logistic regression,0.9470495718529738,0.3215669393026259,0.7553083923154702,0.45108695652173914,0.9438910183255881,69571
bernoulli naive-bayes,0.9520009320207374,0.29871716554673183,0.49443882709807885,0.37242955064737243,0.9126504307920944,69571
multinomial naive-bayes,0.7681015902603833,0.09586182914106874,0.8361981799797775,0.17200499168053243,0.8881937782847792,69571
linear svm,0.9683986718704491,0.4652173913043478,0.6491405460060667,0.542000844238075,0.0,69571
knn,0.9380206209588163,0.25141859450021825,0.5824064711830131,0.351219512195122,0.7665791846463444,69571
random forest,0.9845925321838411,0.9166666666666666,0.5116279069767442,0.6567164179104478,0.9519629858568713,69571
gradient boosting,0.8711481330459603,0.1595639246778989,0.813953488372093,0.2668213457076566,0.9240630440619798,69571
mlp,0.9763790994349625,0.5921325051759835,0.5783619817997978,0.5851662404092073,0.8976203374319494,69571
