model,vocab,auc score,accuracy,precision 1,recall 1,f1 score 1,precision 0,recall 0,f1 score 0,precision avg,recall avg,f1 avg
logistic regression,336461.0,0.8733330384589867,0.8060548722800378,0.8214285714285714,0.6810933940774487,0.7447073474470735,0.8436308161708619,0.8436308161708619,0.8436308161708619,0.8325296937997166,0.7623621051241554,0.7941690818089677
bernoulli naive-bayes,336461.0,0.8403992598653899,0.6944181646168401,0.908450704225352,0.2938496583143508,0.4440619621342513,0.7893020221787345,0.7893020221787345,0.7893020221787345,0.8488763632020433,0.5415758402465426,0.6166819921564929
multinomial naive-bayes,336461.0,0.8540648428688326,0.7417218543046358,0.6402027027027027,0.8633257403189066,0.7352085354025218,0.7479224376731302,0.7479224376731302,0.7479224376731302,0.6940625701879164,0.8056240889960185,0.7415654865378261
linear svm,336461.0,0.0,0.7890255439924314,0.8,0.6560364464692483,0.7209011264080101,0.8304182509505704,0.8304182509505704,0.8304182509505704,0.8152091254752852,0.7432273487099094,0.7756596886792902
knn,336461.0,0.6955772533928979,0.6764427625354777,0.8943089430894309,0.2505694760820046,0.3914590747330961,0.7796391752577321,0.7796391752577321,0.7796391752577321,0.8369740591735815,0.5151043256698683,0.5855491249954139
sgd,336461.0,0.0,0.7909176915799432,0.7794871794871795,0.6924829157175398,0.7334137515078406,0.8280155642023346,0.8280155642023346,0.8280155642023346,0.8037513718447571,0.7602492399599372,0.7807146578550876
random forest,336461.0,0.8586151226308689,0.7729422894985809,0.8540925266903915,0.5466970387243736,0.6666666666666666,0.8278335724533716,0.8278335724533716,0.8278335724533716,0.8409630495718816,0.6872653055888727,0.7472501195600192
gradient boosting,336461.0,0.8428522458367428,0.7738883632923368,0.7475247524752475,0.6879271070615034,0.7164887307236062,0.8119590873328087,0.8119590873328087,0.8119590873328087,0.7797419199040281,0.7499430971971561,0.7642239090282075
mlp,336461.0,0.8434991264347479,0.7918637653736992,0.811965811965812,0.6492027334851936,0.7215189873417722,0.8338368580060422,0.8338368580060422,0.8338368580060422,0.8229013349859271,0.7415197957456179,0.7776779226739072
