model,vocab,auc score,accuracy,precision 1,recall 1,f1 score 1,precision 0,recall 0,f1 score 0,precision avg,recall avg,f1 avg
logistic regression,24307.0,0.8509520755468076,0.7814569536423841,0.7626262626262627,0.6879271070615034,0.7233532934131737,0.8193901485535575,0.8193901485535575,0.8193901485535575,0.7910082055899101,0.7536586278075305,0.7713717209833656
bernoulli naive-bayes,24307.0,0.7940708140743525,0.7029328287606433,0.8019323671497585,0.37813211845102507,0.5139318885448916,0.7861035422343324,0.7861035422343324,0.7861035422343324,0.7940179546920454,0.5821178303426787,0.6500177153896121
multinomial naive-bayes,24307.0,0.8294244052753019,0.7237464522232734,0.6319569120287253,0.8018223234624146,0.7068273092369478,0.7388193202146691,0.7388193202146691,0.7388193202146691,0.6853881161216973,0.7703208218385418,0.7228233147258085
linear svm,24307.0,0.0,0.7672658467360454,0.743073047858942,0.6719817767653758,0.7057416267942583,0.8075117370892019,0.8075117370892019,0.8075117370892019,0.775292392474072,0.7397467569272889,0.7566266819417301
knn,24307.0,0.7028698645789563,0.6868495742667928,0.7755102040816326,0.3462414578587699,0.4787401574803149,0.7762001352265042,0.7762001352265042,0.7762001352265042,0.7758551696540684,0.561220796542637,0.6274701463534096
sgd,24307.0,0.0,0.7738883632923368,0.75,0.683371298405467,0.7151370679380216,0.8125490196078431,0.8125490196078431,0.8125490196078431,0.7812745098039215,0.747960159006655,0.7638430437729323
random forest,24307.0,0.8661381044002626,0.7909176915799432,0.8343558282208589,0.6195899772209568,0.7111111111111112,0.8361749444032618,0.8361749444032618,0.8361749444032618,0.8352653863120603,0.7278824608121093,0.7736430277571865
gradient boosting,24307.0,0.8449974567087599,0.7710501419110691,0.7468671679197995,0.6788154897494305,0.7112171837708829,0.8103448275862071,0.8103448275862071,0.8103448275862071,0.7786059977530032,0.7445801586678187,0.7607810056785451
mlp,24307.0,0.8526218015348209,0.7842951750236519,0.7517899761336515,0.7175398633257403,0.7342657342657339,0.8184713375796179,0.8184713375796179,0.8184713375796179,0.7851306568566347,0.7680056004526791,0.7763685359226759
