model,vocab,auc score,accuracy,precision 1,recall 1,f1 score 1,precision 0,recall 0,f1 score 0,precision avg,recall avg,f1 avg
logistic regression,500.0,0.7961773226883694,0.7332071901608326,0.6812933025404158,0.6719817767653758,0.6766055045871561,0.7729468599033817,0.7729468599033817,0.7729468599033817,0.7271200812218988,0.7224643183343789,0.7247761822452689
bernoulli naive-bayes,500.0,0.7441135708546195,0.67360454115421,0.660958904109589,0.4396355353075171,0.5280437756497948,0.7505422993492408,0.7505422993492408,0.7505422993492408,0.7057506017294148,0.5950889173283789,0.6392930374995178
multinomial naive-bayes,500.0,0.7484371659626543,0.6698202459791863,0.59,0.6719817767653758,0.6283280085197017,0.7029787234042553,0.7029787234042553,0.7029787234042553,0.6464893617021277,0.6874802500848156,0.6656533659619785
linear svm,500.0,0.0,0.7369914853358562,0.6876456876456877,0.6719817767653758,0.6797235023041475,0.7768860353130017,0.7768860353130017,0.7768860353130017,0.7322658614793447,0.7244339060391888,0.7283047688085746
knn,500.0,0.7392776315692475,0.6934720908230843,0.6666666666666666,0.5239179954441914,0.5867346938775511,0.7563909774436091,0.7563909774436091,0.7563909774436091,0.7115288220551379,0.6401544864439002,0.6715628356605801
sgd,500.0,0.0,0.7199621570482497,0.635673624288425,0.7630979498861048,0.6935817805383023,0.7421602787456446,0.7421602787456446,0.7421602787456446,0.6889169515170348,0.7526291143158748,0.7178710296419735
random forest,500.0,0.8479111838467832,0.7701040681173131,0.7311320754716981,0.7061503416856492,0.7184241019698725,0.8057553956834533,0.8057553956834533,0.8057553956834533,0.7684437355775757,0.7559528686845512,0.7620897488266629
gradient boosting,500.0,0.8298796175479725,0.7615894039735099,0.7169373549883991,0.7038724373576309,0.7103448275862069,0.797427652733119,0.797427652733119,0.797427652733119,0.757182503860759,0.7506500450453749,0.7538862401596629
mlp,500.0,0.8148391829031854,0.7464522232734153,0.6862745098039216,0.7175398633257403,0.7015590200445434,0.7796052631578948,0.7796052631578948,0.7796052631578948,0.7329398864809082,0.7485725632418175,0.7405821416012192
