model,accuracy,precision,recall,f1 score,auc score,vocab
logistic regression,0.8060548722800378,0.8214285714285714,0.6810933940774487,0.7447073474470735,0.8733330384589867,336461
bernoulli naive-bayes,0.6944181646168401,0.9084507042253521,0.2938496583143508,0.44406196213425125,0.8403992598653899,336461
multinomial naive-bayes,0.7417218543046358,0.6402027027027027,0.8633257403189066,0.7352085354025218,0.8540648428688326,336461
linear svm,0.7909176915799432,0.8011049723756906,0.6605922551252847,0.7240948813982522,0.0,336461
knn,0.6764427625354777,0.8943089430894309,0.2505694760820046,0.3914590747330961,0.6955772533928979,336461
random forest,0.7644276253547777,0.8598484848484849,0.5170842824601367,0.6458036984352774,0.8590721778682059,336461
gradient boosting,0.7615894039735099,0.7169373549883991,0.7038724373576309,0.7103448275862069,0.8265125211019454,336461
mlp,0.7852412488174078,0.8533333333333334,0.5831435079726651,0.6928281461434371,0.8270561956786164,336461
