model,vocab,auc score,accuracy,precision 1,recall 1,f1 score 1,precision 0,recall 0,f1 score 0,precision avg,recall avg,f1 avg
logistic regression,500.0,0.7764981459775453,0.7161778618732261,0.6612529002320185,0.6492027334851936,0.6551724137931035,0.7588424437299036,0.7588424437299036,0.7588424437299036,0.7100476719809611,0.7040225886075486,0.7070074287615036
bernoulli naive-bayes,500.0,0.7511758114573427,0.6877956480605487,0.6925795053003534,0.44646924829157175,0.5429362880886427,0.7629310344827587,0.7629310344827587,0.7629310344827587,0.7277552698915559,0.6047001413871652,0.6529336612857006
multinomial naive-bayes,500.0,0.7497088115826643,0.6622516556291391,0.5750915750915749,0.7152619589977222,0.6375634517766496,0.683790965456156,0.683790965456156,0.683790965456156,0.6294412702738655,0.6995264622269389,0.6606772086164028
linear svm,500.0,0.0,0.7105014191106906,0.6535796766743649,0.6446469248291572,0.6490825688073394,0.753623188405797,0.753623188405797,0.753623188405797,0.703601432540081,0.6991350566174771,0.7013528786065681
knn,500.0,0.7183673544610802,0.6802270577105014,0.6563467492260062,0.4829157175398634,0.5564304461942258,0.75,0.75,0.75,0.7031733746130031,0.6164578587699316,0.6532152230971129
sgd,500.0,0.0,0.7133396404919584,0.6588785046728972,0.642369020501139,0.6505190311418685,0.7570168404170008,0.7570168404170008,0.7570168404170008,0.707947672544949,0.6996929304590699,0.7037679357794346
random forest,500.0,0.8190448282725524,0.7568590350047304,0.703125,0.7175398633257403,0.7102593010146562,0.7905460472697636,0.7905460472697636,0.7905460472697636,0.7468355236348818,0.7540429552977519,0.7504026741422098
gradient boosting,500.0,0.8111882698984896,0.7464522232734153,0.7164556962025317,0.6446469248291572,0.6786570743405275,0.790625,0.790625,0.790625,0.7535403481012659,0.7176359624145786,0.7346410371702637
mlp,500.0,0.8039177742884314,0.7473982970671712,0.7139303482587065,0.6537585421412301,0.6825208085612366,0.7902592301649647,0.7902592301649647,0.7902592301649647,0.7520947892118356,0.7220088861530973,0.7363900193631007
