model,accuracy,precision,recall,f1 score,auc score,vocab
logistic regression,0.7890255439924314,0.7887700534759359,0.6719817767653758,0.7257072570725707,0.8480033320801175,21173
bernoulli naive-bayes,0.7048249763481551,0.8432432432432433,0.3553530751708428,0.5,0.7886598698129759,21173
multinomial naive-bayes,0.7284768211920529,0.650197628458498,0.7494305239179955,0.6962962962962963,0.8168996174005352,21173
linear svm,0.7757805108798487,0.7487684729064039,0.6924829157175398,0.7195266272189348,0.0,21173
knn,0.6641438032166509,0.9038461538461539,0.214123006833713,0.3462246777163905,0.6868250141908279,21173
random forest,0.783349101229896,0.8240740740740741,0.6082004555808656,0.6998689384010486,0.8555981894715114,21173
gradient boosting,0.7436140018921475,0.823076923076923,0.4874715261958998,0.6123032904148784,0.8104971581484842,21173
mlp,0.78240302743614,0.7714285714285715,0.6765375854214123,0.720873786407767,0.8457180558934324,21173
