model,vocab,auc score,accuracy,precision 1,recall 1,f1 score 1,precision 0,recall 0,f1 score 0,precision avg,recall avg,f1 avg
logistic regression,21173.0,0.8480033320801175,0.7890255439924314,0.7887700534759359,0.6719817767653758,0.7257072570725707,0.8285933897002306,0.8285933897002306,0.8285933897002306,0.8086817215880833,0.7502875832328032,0.7771503233864006
bernoulli naive-bayes,21173.0,0.7886598698129759,0.7048249763481551,0.8432432432432433,0.3553530751708428,0.5,0.7906040268456377,0.7906040268456377,0.7906040268456377,0.8169236350444404,0.5729785510082402,0.6453020134228189
multinomial naive-bayes,21173.0,0.8168996174005352,0.7284768211920529,0.6501976284584979,0.7494305239179955,0.6962962962962963,0.7544910179640718,0.7544910179640718,0.7544910179640718,0.7023443232112849,0.7519607709410336,0.725393657130184
linear svm,21173.0,0.0,0.7757805108798487,0.7487684729064039,0.6924829157175398,0.7195266272189348,0.8132387706855791,0.8132387706855791,0.8132387706855791,0.7810036217959915,0.7528608432015595,0.7663826989522571
knn,21173.0,0.6868250141908279,0.6641438032166509,0.903846153846154,0.21412300683371302,0.3462246777163905,0.7740292807129218,0.7740292807129218,0.7740292807129218,0.8389377172795378,0.4940761437733174,0.5601269792146562
sgd,21173.0,0.0,0.7861873226111636,0.7541766109785203,0.7198177676537585,0.7365967365967366,0.820063694267516,0.820063694267516,0.820063694267516,0.7871201526230182,0.7699407309606372,0.7783302154321263
random forest,21173.0,0.8537681255574969,0.7776726584673604,0.8207547169811321,0.5945330296127562,0.6895640686922061,0.8268238761974944,0.8268238761974944,0.8268238761974944,0.8237892965893132,0.7106784529051253,0.7581939724448503
gradient boosting,21173.0,0.8277436214992887,0.7587511825922422,0.8194444444444444,0.5375854214123007,0.6492434662998624,0.8161499639509734,0.8161499639509734,0.8161499639509734,0.8177972041977088,0.6768676926816372,0.7326967151254179
mlp,21173.0,0.8410000663467281,0.7871333964049196,0.7939560439560439,0.6583143507972665,0.7198007471980075,0.8283752860411899,0.8283752860411899,0.8283752860411899,0.811165664998617,0.7433448184192282,0.7740880166195987
