model,vocab,auc score,accuracy,precision 1,recall 1,f1 score 1,precision 0,recall 0,f1 score 0,precision avg,recall avg,f1 avg
logistic regression,21173.0,0.8485672792681219,0.7947019867549668,0.7733990147783252,0.7152619589977222,0.7431952662721895,0.8289992119779355,0.8289992119779355,0.8289992119779355,0.8011991133781303,0.7721305854878288,0.7860972391250625
bernoulli naive-bayes,21173.0,0.7974434394143796,0.7086092715231788,0.8393782383419689,0.3690205011389522,0.5126582278481012,0.7921727395411606,0.7921727395411606,0.7921727395411606,0.8157754889415647,0.5805966203400564,0.652415483694631
multinomial naive-bayes,21173.0,0.8217410855799072,0.7161778618732261,0.6200345423143351,0.8177676537585421,0.7053045186640471,0.7262773722627738,0.7262773722627738,0.7262773722627738,0.6731559572885544,0.7720225130106579,0.7157909454634104
linear svm,21173.0,0.0,0.7786187322611163,0.7493917274939172,0.7015945330296127,0.7247058823529412,0.814873417721519,0.814873417721519,0.814873417721519,0.7821325726077182,0.7582339753755658,0.7697896500372301
knn,21173.0,0.7007559841062727,0.6840113528855251,0.7932960893854749,0.3234624145785877,0.4595469255663429,0.7767379679144384,0.7767379679144384,0.7767379679144384,0.7850170286499567,0.5501001912465131,0.6181424467403906
sgd,21173.0,0.0,0.7861873226111636,0.7723785166240409,0.6879271070615034,0.7277108433734939,0.82398753894081,0.82398753894081,0.82398753894081,0.7981830277824254,0.7559573230011567,0.7758491911571519
random forest,21173.0,0.8613334955142242,0.7814569536423841,0.7905027932960894,0.6446469248291572,0.7101631116687579,0.8246013667425968,0.8246013667425968,0.8246013667425968,0.8075520800193431,0.7346241457858771,0.7673822392056773
gradient boosting,21173.0,0.8247156305519311,0.7653736991485336,0.7467700258397932,0.6583143507972665,0.6997578692493946,0.8074534161490683,0.8074534161490683,0.8074534161490683,0.7771117209944307,0.7328838834731675,0.7536056426992315
mlp,21173.0,0.8416451039800666,0.7748344370860927,0.7544303797468355,0.6788154897494305,0.7146282973621103,0.8140625,0.8140625,0.8140625,0.7842464398734177,0.7464389948747152,0.7643453986810551
