model,vocab,auc score,accuracy,precision 1,recall 1,f1 score 1,precision 0,recall 0,f1 score 0,precision avg,recall avg,f1 avg
logistic regression,24307.0,0.8515897413214794,0.7786187322611163,0.7762803234501348,0.6560364464692483,0.7111111111111111,0.8205521472392638,0.8205521472392638,0.8205521472392638,0.7984162353446993,0.7382942968542561,0.7658316291751874
bernoulli naive-bayes,24307.0,0.7857903738269529,0.7010406811731315,0.8121827411167513,0.3644646924829157,0.5031446540880503,0.7861975642760488,0.7861975642760488,0.7861975642760488,0.7991901526964,0.5753311283794823,0.6446711091820496
multinomial naive-bayes,24307.0,0.8238273215825906,0.7360454115421002,0.65748031496063,0.7608200455580866,0.7053854276663147,0.7609254498714653,0.7609254498714653,0.7609254498714653,0.7092028824160477,0.7608727477147759,0.73315543876889
linear svm,24307.0,0.0,0.7691579943235572,0.7493606138107417,0.6674259681093394,0.7060240963855421,0.8099688473520249,0.8099688473520249,0.8099688473520249,0.7796647305813833,0.7386974077306822,0.7579964718687835
knn,24307.0,0.6991710344929267,0.6584673604541155,0.8362068965517241,0.22095671981776768,0.34954954954954953,0.7684413085311097,0.7684413085311097,0.7684413085311097,0.8023241025414171,0.4946990141744387,0.5589954290403296
sgd,24307.0,0.0,0.7814569536423841,0.76,0.6924829157175398,0.7246722288438616,0.8188235294117647,0.8188235294117647,0.8188235294117647,0.7894117647058824,0.7556532225646523,0.7717478791278132
random forest,24307.0,0.8605096903082173,0.7691579943235572,0.851985559566787,0.5375854214123007,0.6592178770949721,0.8254649499284693,0.8254649499284693,0.8254649499284693,0.8387252547476282,0.6815251856703851,0.7423414135117208
gradient boosting,24307.0,0.8475075745847801,0.7795648060548723,0.821875,0.5990888382687927,0.6930171277997366,0.8280442804428044,0.8280442804428044,0.8280442804428044,0.8249596402214022,0.7135665593557985,0.7605307041212706
mlp,24307.0,0.8390207222947121,0.7738883632923368,0.767379679144385,0.6537585421412301,0.7060270602706027,0.816295157571099,0.816295157571099,0.816295157571099,0.7918374183577421,0.7350268498561645,0.7611611089208509
