model,vocab,auc score,accuracy,precision 1,recall 1,f1 score 1,precision 0,recall 0,f1 score 0,precision avg,recall avg,f1 avg
logistic regression,21173.0,0.8081547500571319,0.7350993377483444,0.6593186372745491,0.7494305239179955,0.7014925373134329,0.7619047619047619,0.7619047619047619,0.7619047619047619,0.7106116995896554,0.7556676429113787,0.7316986496090974
bernoulli naive-bayes,21173.0,0.8163172405658639,0.7199621570482497,0.8264840182648402,0.4123006833712984,0.5501519756838905,0.7967032967032966,0.7967032967032966,0.7967032967032966,0.8115936574840684,0.6045019900372975,0.6734276361935936
multinomial naive-bayes,21173.0,0.820285143493229,0.7171239356669821,0.6268115942028986,0.7881548974943052,0.6982845610494449,0.7337488869100623,0.7337488869100623,0.7337488869100623,0.6802802405564805,0.7609518922021838,0.7160167239797537
linear svm,21173.0,0.0,0.7019867549668874,0.6215686274509804,0.7220956719817767,0.6680716543730242,0.7296137339055794,0.7296137339055794,0.7296137339055794,0.67559118067828,0.725854702943678,0.6988426941393018
knn,21173.0,0.5793967608053019,0.4834437086092716,0.4446742502585315,0.979498861047836,0.6116642958748222,0.2288135593220339,0.2288135593220339,0.2288135593220339,0.3367439047902827,0.6041562101849349,0.420238927598428
sgd,21173.0,0.0,0.6982024597918638,0.6162790697674418,0.724373576309795,0.6659685863874345,0.724762726488352,0.724762726488352,0.724762726488352,0.670520898127897,0.7245681513990736,0.6953656564378933
random forest,21173.0,0.8188347303005509,0.7388836329233679,0.6607495069033531,0.7630979498861048,0.7082452431289642,0.7636986301369862,0.7636986301369862,0.7636986301369862,0.7122240685201697,0.7633982900115455,0.7359719366329752
gradient boosting,21173.0,0.8073807048971258,0.7417218543046358,0.6820175438596491,0.7084282460136674,0.6949720670391061,0.7760459392945037,0.7760459392945037,0.7760459392945037,0.7290317415770764,0.7422370926540856,0.7355090031668049
mlp,21173.0,0.8280292810226242,0.7398297067171239,0.6653225806451613,0.7517084282460137,0.7058823529411764,0.7667514843087361,0.7667514843087361,0.7667514843087361,0.7160370324769487,0.7592299562773749,0.7363169186249563
