model,accuracy,precision,recall,f1 score,auc score,vocab
logistic regression,0.7369914853358562,0.6850574712643678,0.6788154897494305,0.6819221967963386,0.7961810086177027,500
bernoulli naive-bayes,0.67360454115421,0.660958904109589,0.4396355353075171,0.5280437756497948,0.7445079652932893,500
multinomial naive-bayes,0.6688741721854304,0.5888223552894212,0.6719817767653758,0.6276595744680851,0.7481975805559856,500
linear svm,0.7426679280983917,0.6955503512880562,0.6765375854214123,0.6859122401847575,0.0,500
knn,0.6982024597918638,0.6657458563535912,0.5489749430523918,0.6017478152309613,0.7317270053298538,500
random forest,0.7729422894985809,0.7386091127098321,0.7015945330296127,0.7196261682242989,0.8501466999874678,500
gradient boosting,0.759697256385998,0.7166276346604216,0.6970387243735763,0.7066974595842956,0.8222663305099115,500
mlp,0.760643330179754,0.7172897196261683,0.6993166287015945,0.7081891580161476,0.8240208328725922,500
