model,vocab,auc score,accuracy,precision 1,recall 1,f1 score 1,precision 0,recall 0,f1 score 0,precision avg,recall avg,f1 avg
logistic regression,258073.0,0.8680621595122779,0.7965941343424787,0.8181818181818182,0.6560364464692483,0.7281921618204805,0.8374905517762661,0.8374905517762661,0.8374905517762661,0.8278361849790421,0.7467634991227572,0.7828413567983733
bernoulli naive-bayes,258073.0,0.8379370590707034,0.6802270577105014,0.8976377952755905,0.2596810933940775,0.4028268551236749,0.7816537467700259,0.7816537467700259,0.7816537467700259,0.8396457710228082,0.5206674200820517,0.5922403009468504
multinomial naive-bayes,258073.0,0.8451061916240941,0.7105014191106906,0.6074313408723748,0.8564920273348521,0.7107750472589792,0.7102272727272727,0.7102272727272727,0.7102272727272727,0.6588293067998238,0.7833596500310623,0.7105011599931259
linear svm,258073.0,0.0,0.8003784295175024,0.8333333333333334,0.6492027334851936,0.7298335467349553,0.8417104276069017,0.8417104276069017,0.8417104276069017,0.8375218804701176,0.7454565805460477,0.7857719871709286
knn,258073.0,0.6096121665155435,0.6490066225165563,0.8863636363636364,0.1776765375854214,0.29601518026565465,0.7662255828607436,0.7662255828607436,0.7662255828607436,0.8262946096121899,0.4719510602230825,0.5311203815631991
sgd,258073.0,0.0,0.7757805108798487,0.7744565217391305,0.6492027334851936,0.7063197026022305,0.8186687069625096,0.8186687069625096,0.8186687069625096,0.79656261435082,0.7339357202238517,0.7624942047823701
random forest,258073.0,0.8550102837428402,0.760643330179754,0.8522727272727273,0.5125284738041003,0.6401137980085349,0.8206945428773919,0.8206945428773919,0.8206945428773919,0.8364836350750595,0.6666115083407459,0.7304041704429634
gradient boosting,258073.0,0.8251782146832681,0.7596972563859979,0.7440633245382586,0.642369020501139,0.6894865525672372,0.8040123456790124,0.8040123456790124,0.8040123456790124,0.7740378351086354,0.7231906830900756,0.7467494491231248
mlp,258073.0,0.8312876425533169,0.78240302743614,0.7645569620253164,0.6879271070615034,0.7242206235011991,0.8203125,0.8203125,0.8203125,0.7924347310126583,0.7541198035307517,0.7722665617505995
