model,vocab,auc score,accuracy,precision 1,recall 1,f1 score 1,precision 0,recall 0,f1 score 0,precision avg,recall avg,f1 avg
logistic regression,21173.0,0.8485672792681219,0.7947019867549668,0.7733990147783252,0.7152619589977222,0.7431952662721895,0.8289992119779355,0.8289992119779355,0.8289992119779355,0.8011991133781303,0.7721305854878288,0.7860972391250625
bernoulli naive-bayes,21173.0,0.7974434394143796,0.7086092715231788,0.8393782383419689,0.3690205011389522,0.5126582278481012,0.7921727395411606,0.7921727395411606,0.7921727395411606,0.8157754889415647,0.5805966203400564,0.652415483694631
multinomial naive-bayes,21173.0,0.8217410855799072,0.7161778618732261,0.6200345423143351,0.8177676537585421,0.7053045186640471,0.7262773722627738,0.7262773722627738,0.7262773722627738,0.6731559572885544,0.7720225130106579,0.7157909454634104
linear svm,21173.0,0.0,0.7786187322611163,0.7493917274939172,0.7015945330296127,0.7247058823529412,0.814873417721519,0.814873417721519,0.814873417721519,0.7821325726077182,0.7582339753755658,0.7697896500372301
knn,21173.0,0.7007559841062727,0.6840113528855251,0.7932960893854749,0.3234624145785877,0.4595469255663429,0.7767379679144384,0.7767379679144384,0.7767379679144384,0.7850170286499567,0.5501001912465131,0.6181424467403906
sgd,21173.0,0.0,0.7701040681173131,0.7378640776699029,0.6924829157175398,0.7144535840188014,0.8076009501187648,0.8076009501187648,0.8076009501187648,0.7727325138943338,0.7500419329181522,0.7610272670687831
random forest,21173.0,0.8568108602221879,0.78240302743614,0.7878787878787878,0.6514806378132119,0.7132169576059849,0.8246951219512195,0.8246951219512195,0.8246951219512195,0.8062869549150037,0.7380878798822157,0.7689560397786023
gradient boosting,21173.0,0.8232486306772527,0.7540208136234626,0.7374005305039788,0.6332574031890661,0.6813725490196079,0.7996918335901387,0.7996918335901387,0.7996918335901387,0.7685461820470587,0.7164746183896025,0.7405321913048732
mlp,21173.0,0.8450472167547604,0.7795648060548723,0.7440758293838863,0.7152619589977222,0.7293844367015099,0.814046288906624,0.814046288906624,0.814046288906624,0.7790610591452551,0.764654123952173,0.7717153628040669
