model,accuracy,precision,recall,f1 score,auc score,vocab
logistic regression,0.7805108798486282,0.7804878048780488,0.6560364464692483,0.7128712871287128,0.8519288468201487,24442
bernoulli naive-bayes,0.7010406811731315,0.8121827411167513,0.36446469248291574,0.5031446540880503,0.7855489454556177,24442
multinomial naive-bayes,0.738883632923368,0.6601178781925344,0.765375854214123,0.7088607594936709,0.8233979108152539,24442
linear svm,0.771050141911069,0.7532133676092545,0.6674259681093394,0.7077294685990339,0.0,24442
knn,0.6613055818353831,0.8347107438016529,0.23006833712984054,0.3607142857142857,0.7004408371482702,24442
random forest,0.7682119205298014,0.8391608391608392,0.5466970387243736,0.6620689655172414,0.8652866547242558,24442
gradient boosting,0.7464522232734153,0.7785016286644951,0.5444191343963554,0.640750670241287,0.8291000434939662,24442
mlp,0.7852412488174078,0.763681592039801,0.6993166287015945,0.7300832342449465,0.8518919875268152,24442
