model,vocab,auc score,accuracy,precision 1,recall 1,f1 score 1,precision 0,recall 0,f1 score 0,precision avg,recall avg,f1 avg
logistic regression,336461,0.8609741174042211,0.7729422894985809,0.685981308411215,0.835990888382688,0.753593429158111,0.7894736842105263,0.7894736842105263,0.7894736842105263,0.7377274963108706,0.8127322862966071,0.7715335566843187
bernoulli naive-bayes,336461,0.8403992598653899,0.6944181646168401,0.9084507042253521,0.2938496583143508,0.44406196213425125,0.7893020221787345,0.7893020221787345,0.7893020221787345,0.8488763632020433,0.5415758402465426,0.6166819921564929
multinomial naive-bayes,336461,0.8688546343189507,0.6877956480605487,0.5770862800565771,0.929384965831435,0.712041884816754,0.6590909090909091,0.6590909090909091,0.6590909090909091,0.6180885945737431,0.7942379374611721,0.6855663969538315
linear svm,336461,0.0,0.8022705771050141,0.737603305785124,0.8132118451025057,0.7735644637053088,0.8245172124265323,0.8245172124265323,0.8245172124265323,0.7810602591058282,0.818864528764519,0.7990408380659206
sgd,336461,0.0,0.793755912961211,0.7287784679089027,0.8018223234624146,0.7635574837310195,0.8171140939597316,0.8171140939597316,0.8171140939597316,0.772946280934317,0.8094682087110731,0.7903357888453755
knn,336461,0.7961109759603688,0.727530747398297,0.6992084432717678,0.6036446469248291,0.647921760391198,0.7777777777777778,0.7777777777777778,0.7777777777777778,0.7384931105247727,0.6907112123513035,0.7128497690844879
random forest,336461,0.8490059048587921,0.771050141911069,0.8229508196721311,0.571753986332574,0.6747311827956989,0.8233576642335767,0.8233576642335767,0.8233576642335767,0.8231542419528539,0.6975558252830754,0.7490444235146378
gradient boosting,336461,0.836811007659361,0.7587511825922422,0.7211538461538461,0.683371298405467,0.7017543859649124,0.7974583002382843,0.7974583002382843,0.7974583002382843,0.7593060731960652,0.7404147993218757,0.7496063431015983
mlp,336461,0.8809702840377145,0.8051087984862819,0.7505376344086021,0.7949886104783599,0.7721238938053097,0.8297520661157025,0.8297520661157025,0.8297520661157025,0.7901448502621523,0.8123703382970312,0.8009379799605061
