model,vocab,auc score,accuracy,precision 1,recall 1,f1 score 1,precision 0,recall 0,f1 score 0,precision avg,recall avg,f1 avg
logistic regression,258073.0,0.8583865950122005,0.7634815515610217,0.6813819577735125,0.8086560364464692,0.7395833333333333,0.7833622183708839,0.7833622183708839,0.7833622183708839,0.7323720880721982,0.7960091274086766,0.7614727758521086
bernoulli naive-bayes,258073.0,0.8379370590707034,0.6802270577105014,0.8976377952755905,0.2596810933940775,0.4028268551236749,0.7816537467700259,0.7816537467700259,0.7816537467700259,0.8396457710228082,0.5206674200820517,0.5922403009468504
multinomial naive-bayes,258073.0,0.869606563902957,0.6944181646168401,0.5855457227138643,0.9043280182232346,0.7108325872873769,0.6760280842527582,0.6760280842527582,0.6760280842527582,0.6307869034833112,0.7901780512379963,0.6934303357700675
linear svm,258073.0,0.0,0.7871333964049196,0.7183673469387755,0.8018223234624146,0.7578040904198062,0.810126582278481,0.810126582278481,0.810126582278481,0.7642469646086283,0.8059744528704478,0.7839653363491437
knn,258073.0,0.7903001083663224,0.7265846736045412,0.6963350785340314,0.6059225512528473,0.6479902557856273,0.7764887857695283,0.7764887857695283,0.7764887857695283,0.7364119321517799,0.6912056685111878,0.7122395207775778
sgd,258073.0,0.0,0.783349101229896,0.7160493827160493,0.7927107061503417,0.7524324324324323,0.8074011774600506,0.8074011774600506,0.8074011774600506,0.76172528008805,0.8000559418051961,0.7799168049462415
random forest,258073.0,0.8513612137028109,0.7672658467360454,0.8385964912280702,0.5444191343963554,0.6602209944751382,0.8230215827338129,0.8230215827338129,0.8230215827338129,0.8308090369809416,0.6837203585650842,0.7416212886044755
gradient boosting,258073.0,0.8173271852032052,0.7568590350047304,0.7446236559139785,0.6309794988610479,0.6831072749691738,0.8027628549501151,0.8027628549501151,0.8027628549501151,0.7736932554320468,0.7168711769055816,0.7429350649596445
mlp,258073.0,0.8719508149589756,0.7984862819299905,0.7703349282296651,0.7334851936218679,0.7514585764294051,0.8305489260143198,0.8305489260143198,0.8305489260143198,0.8004419271219925,0.7820170598180939,0.7910037512218624
