model,vocab,auc score,accuracy,precision 1,recall 1,f1 score 1,precision 0,recall 0,f1 score 0,precision avg,recall avg,f1 avg
logistic regression,24307.0,0.8582059844748656,0.7738883632923368,0.7747252747252747,0.642369020501139,0.7023661270236613,0.8176964149504196,0.8176964149504196,0.8176964149504196,0.7962108448378471,0.7300327177257793,0.7600312709870405
bernoulli naive-bayes,24307.0,0.7857903738269529,0.7010406811731315,0.8121827411167513,0.3644646924829157,0.5031446540880503,0.7861975642760488,0.7861975642760488,0.7861975642760488,0.7991901526964,0.5753311283794823,0.6446711091820496
multinomial naive-bayes,24307.0,0.8485341059041218,0.7738883632923368,0.7873563218390804,0.6241457858769932,0.6963151207115629,0.8198944988696308,0.8198944988696308,0.8198944988696308,0.8036254103543556,0.7220201423733119,0.7581048097905969
linear svm,24307.0,0.0,0.7890255439924314,0.7621359223300971,0.7152619589977222,0.7379553466509988,0.8234362628661916,0.8234362628661916,0.8234362628661916,0.7927860925981444,0.7693491109319568,0.7806958047585952
knn,24307.0,0.8022240897597511,0.7284768211920529,0.7375,0.5375854214123007,0.621870882740448,0.7881918819188192,0.7881918819188192,0.7881918819188192,0.7628459409594096,0.6628886516655599,0.7050313823296336
sgd,24307.0,0.0,0.783349101229896,0.7464788732394366,0.724373576309795,0.7352601156069365,0.8166533226581265,0.8166533226581265,0.8166533226581265,0.7815660979487815,0.7705134494839607,0.7759567191325315
random forest,24307.0,0.8652848117595889,0.7701040681173131,0.85,0.5421412300683371,0.6620305980528511,0.8258064516129032,0.8258064516129032,0.8258064516129032,0.8379032258064516,0.6839738408406202,0.7439185248328772
gradient boosting,24307.0,0.838217189700039,0.7644276253547777,0.7810650887573964,0.6013667425968109,0.6795366795366795,0.8137621540762902,0.8137621540762902,0.8137621540762902,0.7974136214168432,0.7075644483365505,0.7466494168064848
mlp,24307.0,0.8648406572749189,0.7786187322611163,0.7378190255220418,0.724373576309795,0.7310344827586207,0.8118971061093249,0.8118971061093249,0.8118971061093249,0.7748580658156834,0.7681353412095601,0.7714657944339728
