model,vocab,auc score,accuracy,precision 1,recall 1,f1 score 1,precision 0,recall 0,f1 score 0,precision avg,recall avg,f1 avg
logistic regression,21173.0,0.8510331659921415,0.7805108798486282,0.7357630979498861,0.7357630979498861,0.7357630979498863,0.8122977346278317,0.8122977346278317,0.8122977346278317,0.7740304162888589,0.7740304162888589,0.7740304162888589
bernoulli naive-bayes,21173.0,0.7974434394143796,0.7086092715231788,0.8393782383419689,0.3690205011389522,0.5126582278481012,0.7921727395411606,0.7921727395411606,0.7921727395411606,0.8157754889415647,0.5805966203400564,0.652415483694631
multinomial naive-bayes,21173.0,0.8545864018695034,0.7152317880794702,0.6068111455108359,0.8929384965831435,0.7225806451612903,0.7074829931972788,0.7074829931972788,0.7074829931972788,0.6571470693540573,0.8002107448902112,0.7150318191792846
linear svm,21173.0,0.0,0.7880794701986755,0.7517564402810304,0.7312072892938497,0.7413394919168592,0.8205128205128205,0.8205128205128205,0.8205128205128205,0.7861346303969254,0.7758600549033351,0.7809261562148399
knn,21173.0,0.8179243057552101,0.7445600756859035,0.7253333333333334,0.6195899772209568,0.6683046683046684,0.7923076923076924,0.7923076923076924,0.7923076923076924,0.7588205128205129,0.7059488347643246,0.7303061803061803
sgd,21173.0,0.0,0.7691579943235572,0.7210884353741497,0.724373576309795,0.7227272727272728,0.8022690437601295,0.8022690437601295,0.8022690437601295,0.7616787395671396,0.7633213100349623,0.7624981582437012
random forest,21173.0,0.8529793366801574,0.7805108798486282,0.8053097345132744,0.621867881548975,0.7017994858611826,0.8263473053892216,0.8263473053892216,0.8263473053892216,0.8158285199512478,0.7241075934690984,0.7640733956252022
gradient boosting,21173.0,0.8205376296525643,0.7473982970671712,0.7193877551020408,0.642369020501139,0.6787003610108303,0.7918939984411536,0.7918939984411536,0.7918939984411536,0.7556408767715972,0.7171315094711463,0.7352971797259921
mlp,21173.0,0.8590242607868722,0.7729422894985809,0.7177242888402626,0.7471526195899773,0.7321428571428572,0.8029556650246306,0.8029556650246306,0.8029556650246306,0.7603399769324466,0.7750541423073039,0.7675492610837439
