model,vocab,auc score,accuracy,precision 1,recall 1,f1 score 1,precision 0,recall 0,f1 score 0,precision avg,recall avg,f1 avg
logistic regression,500.0,0.7911128557843289,0.7171239356669821,0.6452282157676349,0.7084282460136674,0.6753528773072747,0.7493713327745181,0.7493713327745181,0.7493713327745181,0.6972997742710765,0.7288997893940927,0.7123621050408964
bernoulli naive-bayes,500.0,0.7531238251100251,0.6868495742667928,0.6914893617021277,0.4441913439635535,0.5409153952843273,0.7623833452979182,0.7623833452979182,0.7623833452979182,0.7269363535000228,0.6032873446307359,0.6516493702911228
multinomial naive-bayes,500.0,0.7626906546947682,0.6773888363292336,0.5871886120996441,0.7517084282460137,0.6593406593406594,0.6936208445642408,0.6936208445642408,0.6936208445642408,0.6404047283319425,0.7226646364051272,0.6764807519524499
linear svm,500.0,0.0,0.706717123935667,0.6411378555798687,0.6674259681093394,0.6540178571428572,0.7454844006568146,0.7454844006568146,0.7454844006568146,0.6933111281183417,0.7064551843830771,0.6997511288998359
knn,500.0,0.7077039608996617,0.6925260170293283,0.72265625,0.4214123006833713,0.5323741007194246,0.7709654686398871,0.7709654686398871,0.7709654686398871,0.7468108593199436,0.5961888846616292,0.6516697846796559
sgd,500.0,0.0,0.7095553453169348,0.6428571428571429,0.6765375854214123,0.6592674805771365,0.7469084913437758,0.7469084913437758,0.7469084913437758,0.6948828171004593,0.7117230383825941,0.7030879859604562
random forest,500.0,0.8249054559125992,0.7578051087984863,0.7084282460136674,0.7084282460136674,0.7084282460136674,0.7928802588996764,0.7928802588996764,0.7928802588996764,0.7506542524566719,0.7506542524566719,0.7506542524566719
gradient boosting,500.0,0.8090928190724728,0.7473982970671712,0.7097560975609756,0.662870159453303,0.6855123674911661,0.7889328063241107,0.7889328063241107,0.7889328063241107,0.7493444519425432,0.7259014828887068,0.7372225869076383
mlp,500.0,0.7966528075723732,0.7228003784295175,0.6502057613168725,0.7198177676537585,0.6832432432432431,0.7535744322960471,0.7535744322960471,0.7535744322960471,0.7018900968064599,0.7366960999749028,0.7184088377696451
