model,vocab,auc score,accuracy,precision 1,recall 1,f1 score 1,precision 0,recall 0,f1 score 0,precision avg,recall avg,f1 avg
logistic regression,21173.0,0.8501706585281346,0.7757805108798487,0.7902298850574713,0.6264236902050114,0.6988564167725541,0.8214016578749058,0.8214016578749058,0.8214016578749058,0.8058157714661885,0.7239126740399586,0.7601290373237299
bernoulli naive-bayes,21173.0,0.7886598698129759,0.7048249763481551,0.8432432432432433,0.3553530751708428,0.5,0.7906040268456377,0.7906040268456377,0.7906040268456377,0.8169236350444404,0.5729785510082402,0.6453020134228189
multinomial naive-bayes,21173.0,0.8418920612454018,0.7682119205298014,0.7921686746987951,0.5990888382687927,0.6822308690012969,0.8175725986597171,0.8175725986597171,0.8175725986597171,0.8048706366792562,0.7083307184642549,0.7499017338305071
linear svm,21173.0,0.0,0.7899716177861873,0.7679012345679013,0.7084282460136674,0.7369668246445499,0.8251968503937007,0.8251968503937007,0.8251968503937007,0.7965490424808009,0.766812548203684,0.7810818375191253
knn,21173.0,0.8154897494305241,0.7369914853358562,0.7692307692307693,0.5239179954441914,0.6233062330623307,0.7979651162790697,0.7979651162790697,0.7979651162790697,0.7835979427549196,0.6609415558616305,0.7106356746707002
sgd,21173.0,0.0,0.7729422894985809,0.7308584686774942,0.7175398633257403,0.7241379310344828,0.8070739549839228,0.8070739549839228,0.8070739549839228,0.7689662118307085,0.7623069091548316,0.7656059430092028
random forest,21173.0,0.8525425540541537,0.7625354777672658,0.8286713286713286,0.5398633257403189,0.6537931034482759,0.8192944564434844,0.8192944564434844,0.8192944564434844,0.8239828925574065,0.6795788910919016,0.7365437799458802
gradient boosting,21173.0,0.8229095251785833,0.7473982970671712,0.7847682119205298,0.5398633257403189,0.6396761133603238,0.8055353241077932,0.8055353241077932,0.8055353241077932,0.7951517680141615,0.672699324924056,0.7226057187340584
mlp,21173.0,0.8603843687108831,0.7871333964049196,0.7988826815642458,0.6514806378132119,0.7176913425345044,0.8291571753986333,0.8291571753986333,0.8291571753986333,0.8140199284814396,0.7403189066059226,0.7734242589665689
