model,vocab,auc score,accuracy,precision 1,recall 1,f1 score 1,precision 0,recall 0,f1 score 0,precision avg,recall avg,f1 avg
logistic regression,336461.0,0.8609741174042211,0.7729422894985809,0.685981308411215,0.835990888382688,0.7535934291581109,0.7894736842105263,0.7894736842105263,0.7894736842105263,0.7377274963108706,0.8127322862966071,0.7715335566843187
bernoulli naive-bayes,336461.0,0.8403992598653899,0.6944181646168401,0.908450704225352,0.2938496583143508,0.4440619621342513,0.7893020221787345,0.7893020221787345,0.7893020221787345,0.8488763632020433,0.5415758402465426,0.6166819921564929
multinomial naive-bayes,336461.0,0.8688546343189507,0.6877956480605487,0.5770862800565771,0.929384965831435,0.712041884816754,0.6590909090909091,0.6590909090909091,0.6590909090909091,0.6180885945737431,0.7942379374611721,0.6855663969538315
linear svm,336461.0,0.0,0.8022705771050141,0.737603305785124,0.8132118451025057,0.7735644637053088,0.8245172124265323,0.8245172124265323,0.8245172124265323,0.7810602591058282,0.8188645287645191,0.7990408380659206
knn,336461.0,0.7961109759603688,0.727530747398297,0.6992084432717678,0.6036446469248291,0.647921760391198,0.7777777777777778,0.7777777777777778,0.7777777777777778,0.7384931105247727,0.6907112123513035,0.7128497690844879
sgd,336461.0,0.0,0.7956480605487228,0.7298969072164948,0.806378132118451,0.7662337662337663,0.8184873949579832,0.8184873949579832,0.8184873949579832,0.7741921510872389,0.8124327635382171,0.7923605805958747
random forest,336461.0,0.8545587573995032,0.7729422894985809,0.8372881355932204,0.5626423690205011,0.6730245231607629,0.8260869565217391,0.8260869565217391,0.8260869565217391,0.8316875460574797,0.6943646627711202,0.7495557398412511
gradient boosting,336461.0,0.8361954574606896,0.7587511825922422,0.7211538461538461,0.683371298405467,0.7017543859649124,0.7974583002382843,0.7974583002382843,0.7974583002382843,0.7593060731960652,0.7404147993218757,0.7496063431015983
mlp,336461.0,0.8730013048189842,0.8070009460737938,0.7688787185354691,0.7653758542141229,0.767123287671233,0.8352180936995153,0.8352180936995153,0.8352180936995153,0.8020484061174922,0.8002969739568191,0.8011706906853742
