model,vocab,auc score,accuracy,precision 1,recall 1,f1 score 1,precision 0,recall 0,f1 score 0,precision avg,recall avg,f1 avg
logistic regression,500.0,0.8136523136578425,0.7464522232734153,0.6784968684759917,0.7403189066059226,0.7080610021786493,0.7759197324414716,0.7759197324414716,0.7759197324414716,0.7272083004587316,0.758119319523697,0.7419903673100605
bernoulli naive-bayes,500.0,0.7441080419606196,0.67360454115421,0.6598639455782312,0.4419134396355353,0.529331514324693,0.7501810282404056,0.7501810282404056,0.7501810282404056,0.7050224869093185,0.5960472339379704,0.6397562712825493
multinomial naive-bayes,500.0,0.7722961865375118,0.6669820245979187,0.5746140651801029,0.7630979498861048,0.6555772994129159,0.6776556776556777,0.6776556776556777,0.6776556776556777,0.6261348714178903,0.7203768137708912,0.6666164885342968
linear svm,500.0,0.0,0.7180700094607378,0.6471816283924844,0.7061503416856492,0.6753812636165577,0.7508361204013377,0.7508361204013377,0.7508361204013377,0.6990088743969111,0.7284932310434935,0.7131086920089478
knn,500.0,0.7033435064982934,0.6906338694418165,0.7666666666666667,0.366742596810934,0.4961479198767334,0.7767918088737201,0.7767918088737201,0.7767918088737201,0.7717292377701934,0.5717672028423271,0.6364698643752268
sgd,500.0,0.0,0.7284768211920529,0.6674008810572687,0.6902050113895216,0.6786114221724524,0.764946764946765,0.764946764946765,0.764946764946765,0.7161738230020168,0.7275758881681433,0.7217790935596087
random forest,500.0,0.8556516354468454,0.7928098391674551,0.7722772277227723,0.7107061503416856,0.7402135231316727,0.8276947285601889,0.8276947285601889,0.8276947285601889,0.7999859781414806,0.7692004394509373,0.7839541258459308
gradient boosting,500.0,0.8323252316606586,0.7757805108798487,0.7327188940092166,0.724373576309795,0.7285223367697595,0.8090249798549557,0.8090249798549557,0.8090249798549557,0.7708719369320862,0.7666992780823754,0.7687736583123577
mlp,500.0,0.8096862536951441,0.727530747398297,0.6483300589390962,0.7517084282460137,0.6962025316455696,0.7530017152658662,0.7530017152658662,0.7530017152658662,0.7006658871024812,0.7523550717559399,0.7246021234557178
