model,accuracy,precision,recall,f1 score,auc score,vocab
logistic regression,0.7795648060548723,0.779891304347826,0.6537585421412301,0.711276332094176,0.8585008588215348,24442
bernoulli naive-bayes,0.7010406811731315,0.8121827411167513,0.36446469248291574,0.5031446540880503,0.7855489454556177,24442
multinomial naive-bayes,0.7748344370860927,0.7913043478260869,0.621867881548975,0.6964285714285715,0.8488068646747906,24442
linear svm,0.7890255439924314,0.7608695652173914,0.7175398633257403,0.7385697538100819,0.0,24442
knn,0.7313150425733207,0.746031746031746,0.5353075170842825,0.623342175066313,0.8024986914950867,24442
random forest,0.7767265846736046,0.8487972508591065,0.5626423690205011,0.6767123287671232,0.8662597400682635,24442
gradient boosting,0.7568590350047304,0.7935483870967742,0.5603644646924829,0.6568758344459279,0.8241019233179262,24442
mlp,0.7767265846736046,0.7399527186761229,0.7129840546697038,0.7262180974477958,0.8628391976469029,24442
