model,accuracy,precision,recall,f1 score,auc score,vocab
logistic regression,0.7634815515610217,0.6813819577735125,0.8086560364464692,0.7395833333333333,0.8583865950122005,258073
bernoulli naive-bayes,0.6802270577105014,0.8976377952755905,0.25968109339407747,0.40282685512367494,0.8379370590707034,258073
multinomial naive-bayes,0.6944181646168401,0.5855457227138643,0.9043280182232346,0.7108325872873769,0.869606563902957,258073
linear svm,0.7871333964049196,0.7183673469387755,0.8018223234624146,0.7578040904198062,0.0,258073
knn,0.7265846736045412,0.6963350785340314,0.6059225512528473,0.6479902557856273,0.7903001083663224,258073
random forest,0.7644276253547777,0.8275862068965517,0.5466970387243736,0.6584362139917695,0.8456793536354321,258073
gradient boosting,0.7511825922421949,0.7430939226519337,0.6127562642369021,0.6716604244694133,0.8077345541131287,258073
mlp,0.8051087984862819,0.7905236907730673,0.7220956719817767,0.7547619047619047,0.8731045108403181,258073
