model,vocab,auc score,accuracy,precision 1,recall 1,f1 score 1,precision 0,recall 0,f1 score 0,precision avg,recall avg,f1 avg
logistic regression,21173.0,0.8482244878401192,0.7691579943235572,0.7231121281464531,0.7198177676537585,0.7214611872146117,0.802907915993538,0.802907915993538,0.802907915993538,0.7630100220699956,0.7613628418236482,0.7621845516040748
bernoulli naive-bayes,21173.0,0.7821210311755902,0.7029328287606433,0.8453038674033149,0.3485193621867881,0.4935483870967742,0.7898259705488622,0.7898259705488622,0.7898259705488622,0.8175649189760885,0.5691726663678252,0.6416871788228182
multinomial naive-bayes,21173.0,0.8530862286308247,0.7057710501419111,0.5987654320987654,0.8838268792710706,0.7138914443422263,0.6971762414800389,0.6971762414800389,0.6971762414800389,0.6479708367894021,0.7905015603755547,0.7055338429111326
linear svm,21173.0,0.0,0.7899716177861873,0.7540983606557377,0.7334851936218679,0.7436489607390301,0.8221153846153845,0.8221153846153845,0.8221153846153845,0.7881068726355611,0.7778002891186262,0.7828821726772073
knn,21173.0,0.7480943745346513,0.5922421948912016,0.5048309178743962,0.9521640091116174,0.6598263614838199,0.4911452184179457,0.4911452184179457,0.4911452184179457,0.4979880681461709,0.7216546137647816,0.5754857899508828
sgd,21173.0,0.0,0.7691579943235572,0.7210884353741497,0.724373576309795,0.7227272727272728,0.8022690437601295,0.8022690437601295,0.8022690437601295,0.7616787395671396,0.7633213100349623,0.7624981582437012
random forest,21173.0,0.8580235309728641,0.7786187322611163,0.8041543026706232,0.6173120728929385,0.6984536082474228,0.8251121076233184,0.8251121076233184,0.8251121076233184,0.8146332051469708,0.7212120902581285,0.7617828579353706
gradient boosting,21173.0,0.8227823606165823,0.7634815515610217,0.7589041095890411,0.6309794988610479,0.6890547263681592,0.8091603053435114,0.8091603053435114,0.8091603053435114,0.7840322074662762,0.7200699021022796,0.7491075158558353
mlp,21173.0,0.8552867284428423,0.7691579943235572,0.7133479212253829,0.7425968109339408,0.7276785714285714,0.7996715927750411,0.7996715927750411,0.7996715927750411,0.7565097570002121,0.7711342018544909,0.7636750821018062
