model,vocab,auc score,accuracy,precision 1,recall 1,f1 score 1,precision 0,recall 0,f1 score 0,precision avg,recall avg,f1 avg
logistic regression,24307.0,0.8593117632748746,0.7748344370860927,0.7228381374722838,0.7425968109339408,0.7325842696629213,0.8055555555555556,0.8055555555555556,0.8055555555555556,0.7641968465139197,0.7740761832447483,0.7690699126092384
bernoulli naive-bayes,24307.0,0.7940708140743525,0.7029328287606433,0.8019323671497585,0.37813211845102507,0.5139318885448916,0.7861035422343324,0.7861035422343324,0.7861035422343324,0.7940179546920454,0.5821178303426787,0.6500177153896121
multinomial naive-bayes,24307.0,0.8590684919388727,0.7010406811731315,0.5911111111111111,0.9088838268792709,0.7163375224416516,0.684,0.684,0.684,0.6375555555555557,0.7964419134396356,0.7001687612208258
linear svm,24307.0,0.0,0.7842951750236519,0.745920745920746,0.7289293849658315,0.7373271889400922,0.8170144462279294,0.8170144462279294,0.8170144462279294,0.7814675960743377,0.7729719155968804,0.7771708175840109
knn,24307.0,0.8122590323698313,0.7502365184484391,0.7249357326478149,0.642369020501139,0.6811594202898551,0.7947122861586314,0.7947122861586314,0.7947122861586314,0.7598240094032231,0.7185406533298853,0.7379358532242433
sgd,24307.0,0.0,0.7795648060548723,0.7330316742081447,0.7380410022779044,0.735527809307605,0.8110300081103001,0.8110300081103001,0.8110300081103001,0.7720308411592225,0.7745355051941023,0.7732789087089526
random forest,24307.0,0.8602056011382149,0.7928098391674551,0.8216374269005848,0.6400911161731208,0.7195902688860437,0.8357089272318079,0.8357089272318079,0.8357089272318079,0.8286731770661964,0.7379000217024643,0.7776495980589258
gradient boosting,24307.0,0.8380992399613714,0.7786187322611163,0.7423167848699763,0.7152619589977222,0.7285382830626449,0.8130990415335464,0.8130990415335464,0.8130990415335464,0.7777079132017614,0.7641805002656342,0.7708186622980957
mlp,24307.0,0.8636206146655756,0.7757805108798487,0.7148936170212766,0.7653758542141229,0.7392739273927392,0.8033195020746888,0.8033195020746888,0.8033195020746888,0.7591065595479827,0.7843476781444059,0.7712967147337142
