model,vocab,auc score,accuracy,precision 1,recall 1,f1 score 1,precision 0,recall 0,f1 score 0,precision avg,recall avg,f1 avg
logistic regression,24307.0,0.8540113968934987,0.7691579943235572,0.7010309278350515,0.7744874715261959,0.7359307359307359,0.7949579831932773,0.7949579831932773,0.7949579831932773,0.7479944555141644,0.7847227273597366,0.7654443595620066
bernoulli naive-bayes,24307.0,0.7867947895702944,0.6972563859981078,0.7874396135265701,0.3712984054669704,0.5046439628482972,0.782016348773842,0.782016348773842,0.782016348773842,0.7847279811502059,0.5766573771204062,0.6433301558110696
multinomial naive-bayes,24307.0,0.8533663592601602,0.6717123935666982,0.56353591160221,0.929384965831435,0.7016337059329321,0.6351209253417456,0.6351209253417456,0.6351209253417456,0.5993284184719778,0.7822529455865903,0.6683773156373387
linear svm,24307.0,0.0,0.7682119205298014,0.7004132231404959,0.7722095671981777,0.7345612134344529,0.7942905121746431,0.7942905121746431,0.7942905121746431,0.7473518676575694,0.7832500396864104,0.7644258628045479
knn,24307.0,0.7905710241723245,0.7294228949858089,0.6451612903225806,0.7744874715261959,0.7039337474120083,0.750871080139373,0.750871080139373,0.750871080139373,0.6980161852309767,0.7626792758327845,0.7274024137756907
sgd,24307.0,0.0,0.7578051087984863,0.6871165644171779,0.765375854214123,0.7241379310344828,0.7841483979763912,0.7841483979763912,0.7841483979763912,0.7356324811967846,0.7747621260952571,0.7541431645054371
random forest,24307.0,0.8608967128882205,0.793755912961211,0.7612293144208038,0.7334851936218679,0.7470997679814386,0.8258785942492014,0.8258785942492014,0.8258785942492014,0.7935539543350025,0.7796818939355347,0.7864891811153201
gradient boosting,24307.0,0.8421961504154042,0.7653736991485336,0.7019027484143763,0.7562642369020501,0.7280701754385964,0.7936772046589019,0.7936772046589019,0.7936772046589019,0.7477899765366391,0.7749707207804759,0.7608736900487492
mlp,24307.0,0.8597761903708784,0.7511825922421949,0.6611721611721612,0.8223234624145785,0.7329949238578679,0.7670504871567759,0.7670504871567759,0.7670504871567759,0.7141113241644685,0.7946869747856773,0.750022705507322
