model,accuracy,precision,recall,f1 score,auc score,vocab
logistic regression,0.7767265846736046,0.7280898876404495,0.7380410022779044,0.7330316742081449,0.8567684720348542,24442
bernoulli naive-bayes,0.6925260170293283,0.8475609756097561,0.31662870159453305,0.461028192371476,0.7659895614481278,24442
multinomial naive-bayes,0.6840113528855251,0.5757575757575758,0.908883826879271,0.7049469964664312,0.8533626733308269,24442
linear svm,0.7871333964049196,0.7488372093023256,0.7334851936218679,0.7410817031070195,0.0,24442
knn,0.5723746452223274,0.492468134414832,0.9681093394077449,0.65284178187404,0.7223647448231123,24442
random forest,0.783349101229896,0.8220858895705522,0.6104783599088838,0.7006535947712418,0.8557640562915128,24442
gradient boosting,0.7530747398297067,0.7317708333333334,0.6400911161731208,0.6828675577156744,0.8250528930859338,24442
mlp,0.771050141911069,0.7233560090702947,0.7266514806378133,0.725,0.8633847151882404,24442
