model,vocab,auc score,accuracy,precision 1,recall 1,f1 score 1,precision 0,recall 0,f1 score 0,precision avg,recall avg,f1 avg
logistic regression,258073.0,0.8583865950122005,0.7634815515610217,0.6813819577735125,0.8086560364464692,0.7395833333333333,0.7833622183708839,0.7833622183708839,0.7833622183708839,0.7323720880721982,0.7960091274086766,0.7614727758521086
bernoulli naive-bayes,258073.0,0.8379370590707034,0.6802270577105014,0.8976377952755905,0.2596810933940775,0.4028268551236749,0.7816537467700259,0.7816537467700259,0.7816537467700259,0.8396457710228082,0.5206674200820517,0.5922403009468504
multinomial naive-bayes,258073.0,0.869606563902957,0.6944181646168401,0.5855457227138643,0.9043280182232346,0.7108325872873769,0.6760280842527582,0.6760280842527582,0.6760280842527582,0.6307869034833112,0.7901780512379963,0.6934303357700675
linear svm,258073.0,0.0,0.7871333964049196,0.7183673469387755,0.8018223234624146,0.7578040904198062,0.810126582278481,0.810126582278481,0.810126582278481,0.7642469646086283,0.8059744528704478,0.7839653363491437
knn,258073.0,0.7903001083663224,0.7265846736045412,0.6963350785340314,0.6059225512528473,0.6479902557856273,0.7764887857695283,0.7764887857695283,0.7764887857695283,0.7364119321517799,0.6912056685111878,0.7122395207775778
sgd,258073.0,0.0,0.7890255439924314,0.7231404958677686,0.7972665148063781,0.7583965330444205,0.8127623845507976,0.8127623845507976,0.8127623845507976,0.7679514402092831,0.8050144496785878,0.785579458797609
random forest,258073.0,0.8517316496008138,0.7634815515610217,0.8339222614840992,0.5375854214123007,0.6537396121883657,0.8204022988505747,0.8204022988505747,0.8204022988505747,0.8271622801673368,0.6789938601314377,0.7370709555194702
gradient boosting,258073.0,0.8134901327671746,0.7426679280983917,0.7180156657963447,0.6264236902050114,0.6690997566909976,0.7894736842105263,0.7894736842105263,0.7894736842105263,0.7537446750034356,0.7079486872077689,0.729286720450762
mlp,258073.0,0.8595992657628769,0.783349101229896,0.7323008849557522,0.7539863325740319,0.7429854096520764,0.812755519215045,0.812755519215045,0.812755519215045,0.7725282020853985,0.7833709258945385,0.7778704644335607
