model,accuracy,precision,recall,f1 score,auc score,vocab
logistic regression,0.7805108798486282,0.7357630979498861,0.7357630979498861,0.7357630979498863,0.8510331659921415,21173
bernoulli naive-bayes,0.7086092715231788,0.8393782383419689,0.3690205011389522,0.5126582278481012,0.7974434394143796,21173
multinomial naive-bayes,0.7152317880794702,0.6068111455108359,0.8929384965831435,0.7225806451612903,0.8545864018695034,21173
linear svm,0.7880794701986755,0.7517564402810304,0.7312072892938497,0.7413394919168592,0.0,21173
knn,0.7445600756859035,0.7253333333333334,0.6195899772209568,0.6683046683046684,0.8179243057552101,21173
random forest,0.7899716177861873,0.8108882521489972,0.6446469248291572,0.7182741116751269,0.8567094971655203,21173
gradient boosting,0.7417218543046358,0.7106598984771574,0.6378132118451025,0.6722689075630252,0.8073125152044585,21173
mlp,0.783349101229896,0.7323008849557522,0.7539863325740319,0.7429854096520764,0.8604544013682168,21173
