model,vocab,auc score,accuracy,precision 1,recall 1,f1 score 1,precision 0,recall 0,f1 score 0,precision avg,recall avg,f1 avg
logistic regression,153404.0,0.8669232073482687,0.7909176915799432,0.7270833333333333,0.7949886104783599,0.7595212187159956,0.8150627615062762,0.8150627615062762,0.8150627615062762,0.7710730474198048,0.8050256859923179,0.7872919901111359
bernoulli naive-bayes,153404.0,0.8372385754620313,0.7076631977294229,0.8963414634146342,0.3348519362186788,0.4875621890547264,0.7954996690933157,0.7954996690933157,0.7954996690933157,0.8459205662539749,0.5651758026559972,0.6415309290740211
multinomial naive-bayes,153404.0,0.8718697245136415,0.6915799432355724,0.57991513437058,0.9339407744874716,0.7155322862129145,0.6632231404958677,0.6632231404958677,0.6632231404958677,0.6215691374332238,0.7985819574916696,0.6893777133543911
linear svm,153404.0,0.0,0.8041627246925258,0.7555066079295154,0.7813211845102506,0.7681970884658454,0.8304668304668303,0.8304668304668303,0.8304668304668303,0.7929867191981729,0.8058940074885405,0.7993319594663381
knn,153404.0,0.8110961216651553,0.7530747398297067,0.7354497354497355,0.6332574031890661,0.6805385556915545,0.7987663839629915,0.7987663839629915,0.7987663839629915,0.7671080597063635,0.7160118935760288,0.7396524698272731
sgd,153404.0,0.0,0.7994323557237465,0.7505518763796909,0.7744874715261959,0.7623318385650224,0.8265139116202946,0.8265139116202946,0.8265139116202946,0.7885328939999927,0.8005006915732453,0.7944228750926585
random forest,153404.0,0.8578742508348629,0.7776726584673604,0.8290322580645161,0.5854214123006833,0.6862483311081442,0.8278388278388277,0.8278388278388277,0.8278388278388277,0.8284355429516719,0.7066301200697556,0.757043579473486
gradient boosting,153404.0,0.8378320100847026,0.7710501419110691,0.7328605200945626,0.7061503416856492,0.7192575406032482,0.8067092651757188,0.8067092651757188,0.8067092651757188,0.7697848926351407,0.7564298034306841,0.7629834028894835
mlp,153404.0,0.8792563268977007,0.793755912961211,0.7505668934240363,0.7539863325740319,0.7522727272727272,0.8233387358184765,0.8233387358184765,0.8233387358184765,0.7869528146212563,0.7886625341962542,0.7878057315456019
