model,vocab,auc score,accuracy,precision 1,recall 1,f1 score 1,precision 0,recall 0,f1 score 0,precision avg,recall avg,f1 avg
logistic regression,24307.0,0.8564404243241849,0.7729422894985809,0.7216035634743875,0.7380410022779044,0.7297297297297297,0.8042414355628058,0.8042414355628058,0.8042414355628058,0.7629224995185966,0.771141218920355,0.7669855826462677
bernoulli naive-bayes,24307.0,0.7657315463947926,0.6934720908230843,0.8484848484848485,0.3189066059225513,0.4635761589403973,0.785430463576159,0.785430463576159,0.785430463576159,0.8169576560305037,0.5521685347493551,0.6245033112582782
multinomial naive-bayes,24307.0,0.8532594673094928,0.684957426679281,0.5765895953757225,0.9088838268792709,0.7055702917771883,0.6612410986775178,0.6612410986775178,0.6612410986775178,0.6189153470266202,0.7850624627783944,0.6834056952273531
linear svm,24307.0,0.0,0.7871333964049196,0.7488372093023256,0.7334851936218679,0.7410817031070195,0.8192771084337348,0.8192771084337348,0.8192771084337348,0.7840571588680302,0.7763811510278014,0.7801794057703771
knn,24307.0,0.7242703702884609,0.5733207190160833,0.4930232558139535,0.9658314350797268,0.6528098537336413,0.4466257668711657,0.4466257668711657,0.4466257668711657,0.4698245113425596,0.7062286009754462,0.5497178103024035
sgd,24307.0,0.0,0.783349101229896,0.7386363636363636,0.7403189066059226,0.7394766780432309,0.8145748987854252,0.8145748987854252,0.8145748987854252,0.7766056312108944,0.7774469026956738,0.7770257884143281
random forest,24307.0,0.8574503689615263,0.78240302743614,0.817629179331307,0.6127562642369021,0.7005208333333333,0.8291233283803865,0.8291233283803865,0.8291233283803865,0.8233762538558467,0.7209397963086444,0.7648220808568599
gradient boosting,24307.0,0.8340078584013388,0.7549668874172185,0.7307692307692307,0.6492027334851936,0.6875753920386007,0.7984435797665369,0.7984435797665369,0.7984435797665369,0.7646064052678838,0.7238231566258653,0.7430094859025689
mlp,24307.0,0.8600563210002139,0.7729422894985809,0.7308584686774942,0.7175398633257403,0.7241379310344828,0.8070739549839228,0.8070739549839228,0.8070739549839228,0.7689662118307085,0.7623069091548316,0.7656059430092028
