model,vocab,auc score,accuracy,precision 1,recall 1,f1 score 1,precision 0,recall 0,f1 score 0,precision avg,recall avg,f1 avg
logistic regression,129097.0,0.8539819094588319,0.7928098391674551,0.7582159624413145,0.7357630979498861,0.7468208092485549,0.8246597277822257,0.8246597277822257,0.8246597277822257,0.7914378451117701,0.780211412866056,0.7857402685153902
bernoulli naive-bayes,129097.0,0.8469417844321089,0.6896877956480606,0.9051094890510948,0.2824601366742597,0.4305555555555555,0.7867360208062419,0.7867360208062419,0.7867360208062419,0.8459227549286684,0.5345980787402508,0.6086457881808988
multinomial naive-bayes,129097.0,0.8636095568775756,0.7322611163670766,0.63,0.8610478359908884,0.7276227141482194,0.7367441860465117,0.7367441860465117,0.7367441860465117,0.6833720930232559,0.7988960110187,0.7321834500973656
linear svm,129097.0,0.0,0.7984862819299905,0.7665094339622641,0.7403189066059226,0.7531865585168019,0.8297362110311751,0.8297362110311751,0.8297362110311751,0.7981228224967196,0.7850275588185489,0.7914613847739885
knn,129097.0,0.7716087607168395,0.7237464522232734,0.6970509383378016,0.5922551252847379,0.6403940886699508,0.7757296466973886,0.7757296466973886,0.7757296466973886,0.7363902925175951,0.6839923859910633,0.7080618676836697
sgd,129097.0,0.0,0.7947019867549668,0.7569444444444444,0.744874715261959,0.7508610792192881,0.8254223652453739,0.8254223652453739,0.8254223652453739,0.7911834048449091,0.7851485402536664,0.788141722232331
random forest,129097.0,0.839842684536052,0.7672658467360454,0.8184818481848185,0.5649202733485194,0.6684636118598383,0.8206997084548104,0.8206997084548104,0.8206997084548104,0.8195907783198144,0.6928099909016651,0.7445816601573243
gradient boosting,129097.0,0.7796293429462371,0.7521286660359509,0.7521367521367521,0.6013667425968109,0.6683544303797468,0.8021148036253777,0.8021148036253777,0.8021148036253777,0.777125777881065,0.7017407731110943,0.7352346170025623
mlp,129097.0,0.8702147422429618,0.7871333964049196,0.7326086956521739,0.7676537585421412,0.7497219132369298,0.8148148148148149,0.8148148148148149,0.8148148148148149,0.7737117552334944,0.7912342866784781,0.7822683640258723
