model,vocab,auc score,accuracy,precision 1,recall 1,f1 score 1,precision 0,recall 0,f1 score 0,precision avg,recall avg,f1 avg
logistic regression,183057.0,0.8222313141812445,0.7719962157048249,0.809375,0.5899772209567198,0.6824769433465084,0.8221402214022141,0.8221402214022141,0.8221402214022141,0.8157576107011071,0.7060587211794669,0.7523085823743613
bernoulli naive-bayes,183057.0,0.823877081628591,0.6707663197729423,0.9690721649484536,0.21412300683371302,0.35074626865671643,0.7794676806083649,0.7794676806083649,0.7794676806083649,0.8742699227784092,0.496795343721039,0.5651069746325407
multinomial naive-bayes,183057.0,0.8266986605332801,0.7596972563859979,0.7078651685393258,0.7175398633257403,0.7126696832579184,0.7934959349593496,0.7934959349593496,0.7934959349593496,0.7506805517493377,0.7555178991425449,0.7530828091086339
linear svm,183057.0,0.0,0.7795648060548723,0.8159509202453987,0.6059225512528473,0.6954248366013073,0.8272794662713121,0.8272794662713121,0.8272794662713121,0.8216151932583554,0.7166010087620798,0.7613521514363097
knn,183057.0,0.7257889731738063,0.6527909176915799,0.5697674418604651,0.6697038724373576,0.6157068062827225,0.6833477135461605,0.6833477135461605,0.6833477135461605,0.6265575777033128,0.6765257929917591,0.6495272599144415
sgd,183057.0,0.0,0.7757805108798487,0.8042168674698795,0.6082004555808656,0.6926070038910506,0.823529411764706,0.823529411764706,0.823529411764706,0.8138731396172927,0.7158649336727858,0.7580682078278782
random forest,183057.0,0.7911128557843289,0.7379375591296121,0.8552631578947368,0.4441913439635535,0.5847076461769115,0.8085694540428473,0.8085694540428473,0.8085694540428473,0.8319163059687921,0.6263803990032004,0.6966385501098794
gradient boosting,183057.0,0.7125325283263669,0.7086092715231788,0.7740585774058577,0.4214123006833713,0.5457227138643067,0.7855153203342617,0.7855153203342617,0.7855153203342617,0.7797869488700597,0.6034638105088166,0.6656190170992842
mlp,183057.0,0.8331269212906649,0.7738883632923368,0.7645502645502645,0.6583143507972665,0.7074663402692778,0.8157286044718581,0.8157286044718581,0.8157286044718581,0.7901394345110613,0.7370214776345623,0.7615974723705681
