model,vocab,acc_mean,acc_std,pre_mean,pre_std,rec_mean,rec_std,f1_mean,f1_std,auc_mean,auc_std,fpr_mean,fpr_std
lr,260238,0.7776323428227402,0.01195033856734186,0.7753415741472437,0.025463927320519317,0.6557368864480295,0.031604136981344996,0.709697243029699,0.017350287217467373,0.8451494776559697,0.011733573149858633,0.18038101108198376,0.010716346191718643
nb,260238,0.6784633826438462,0.010314971100026778,0.8341567109786785,0.029085186657165828,0.2818173307953943,0.027037223738429882,0.42043630834070667,0.03005323497239774,0.7885151170808672,0.011700413634163843,0.222568071134861,0.006159487093547234
lsvm,260238,0.7694962873770821,0.014710889845218645,0.7570290838305922,0.030384871951512862,0.6571015487669152,0.021720957349023445,0.7029879362258579,0.016373114548889314,0.0,0.0,0.18846231775689115,0.01385394843649765
sgd,260238,0.762684197700754,0.016829594423192915,0.721541281554835,0.03755629917575246,0.7054596894145058,0.05510930538279998,0.7109148734592725,0.023279568584031456,0.0,0.0,0.20203207671002854,0.01779617927736169
svm,260238,0.7532134256472005,0.023694114651821467,0.8197930216063831,0.01529162467137618,0.5207653342486556,0.0762466835658925,0.6333624456614332,0.05472737104772099,0.8345690764229741,0.010906836666071007,0.18647025067630715,0.012982879056427143
knn,260238,0.6790281600298156,0.016185956892754334,0.8713175238403936,0.04442507874485979,0.2676558388200664,0.045290096100089834,0.40689397205987704,0.052603117405266075,0.6786086055695073,0.029202565726339398,0.22023191186154484,0.008643185433606263
rf,260238,0.7397752358017259,0.021692806854401774,0.8369180485283776,0.018845935704265734,0.4646695998585411,0.06950221137859464,0.5940547748072998,0.05503472994090867,0.8322673495922472,0.0172362849572654,0.19191118733854975,0.01150296782831653
gb,260238,0.7376985321521745,0.008326273457991851,0.7533649682534456,0.02108782345618259,0.5499401920096525,0.04613970449816876,0.6339959620933298,0.025321427289875808,0.8142482673156575,0.010748139405703275,0.20474388894952028,0.0049401415839978
mlp,260238,0.7706299633038044,0.01139295075505174,0.7313155132784707,0.031614556085366334,0.7122694792024215,0.027989250383548565,0.720512790403537,0.007274001671454678,0.8427345700283624,0.014145925649365752,0.19483588647100689,0.014320142666060178
